image_names,emergency_or_not,vehicle_type
1503.jpg,0,normal vehicle
1420.jpg,0,normal vehicle
1764.jpg,0,normal vehicle
1356.jpg,0,normal vehicle
1117.jpg,0,normal vehicle
45.jpg,1,police_car
2313.jpg,0,normal vehicle
1657.jpg,0,normal vehicle
294.jpg,1,fire truck
999.jpg,0,normal vehicle
588.jpg,1,police_car
1912.jpg,0,normal vehicle
736.jpg,1,ambulance
1106.jpg,0,normal vehicle
1939.jpg,0,normal vehicle
1833.jpg,0,normal vehicle
436.jpg,1,fire truck
741.jpg,1,ambulance
2133.jpg,0,normal vehicle
393.jpg,1,police_car
907.jpg,1,police_car
534.jpg,1,fire truck
30.jpg,1,fire truck
1994.jpg,0,normal vehicle
1526.jpg,0,normal vehicle
1114.jpg,0,normal vehicle
1176.jpg,0,normal vehicle
1304.jpg,0,normal vehicle
1972.jpg,0,normal vehicle
2084.jpg,0,normal vehicle
1231.jpg,0,normal vehicle
1336.jpg,0,normal vehicle
2110.jpg,0,normal vehicle
344.jpg,1,ambulance
556.jpg,1,police_car
1242.jpg,0,normal vehicle
680.jpg,1,police_car
744.jpg,1,ambulance
1071.jpg,0,normal vehicle
352.jpg,1,fire truck
91.jpg,1,police_car
1058.jpg,0,normal vehicle
1914.jpg,0,normal vehicle
1957.jpg,0,normal vehicle
1091.jpg,0,normal vehicle
261.jpg,1,fire truck
1742.jpg,0,normal vehicle
748.jpg,1,police_car
755.jpg,1,police_car
764.jpg,1,fire truck
567.jpg,1,ambulance
1915.jpg,0,normal vehicle
1658.jpg,0,normal vehicle
1871.jpg,0,normal vehicle
913.jpg,1,fire truck
2141.jpg,0,normal vehicle
1619.jpg,0,normal vehicle
300.jpg,1,police_car
1590.jpg,0,normal vehicle
2042.jpg,0,normal vehicle
1090.jpg,0,normal vehicle
1763.jpg,0,normal vehicle
315.jpg,1,police_car
1840.jpg,0,normal vehicle
453.jpg,1,police_car
601.jpg,1,police_car
175.jpg,1,ambulance
1387.jpg,0,normal vehicle
1133.jpg,0,normal vehicle
37.jpg,1,fire truck
123.jpg,1,fire truck
1234.jpg,0,normal vehicle
394.jpg,1,police_car
1775.jpg,0,normal vehicle
2217.jpg,0,normal vehicle
39.jpg,1,fire truck
462.jpg,1,police_car
1989.jpg,0,normal vehicle
2075.jpg,0,normal vehicle
331.jpg,1,police_car
1546.jpg,0,normal vehicle
194.jpg,1,fire truck
2211.jpg,0,normal vehicle
2236.jpg,0,normal vehicle
634.jpg,1,fire truck
322.jpg,1,fire truck
1870.jpg,0,normal vehicle
266.jpg,1,fire truck
1057.jpg,0,normal vehicle
1934.jpg,0,normal vehicle
579.jpg,1,police_car
1337.jpg,0,normal vehicle
1674.jpg,0,normal vehicle
2001.jpg,0,normal vehicle
1971.jpg,0,normal vehicle
891.jpg,1,fire truck
1909.jpg,0,normal vehicle
2249.jpg,0,normal vehicle
1518.jpg,0,normal vehicle
1298.jpg,0,normal vehicle
1258.jpg,0,normal vehicle
1378.jpg,0,normal vehicle
2268.jpg,0,normal vehicle
1067.jpg,0,normal vehicle
572.jpg,1,police_car
942.jpg,1,police_car
2057.jpg,0,normal vehicle
2132.jpg,0,normal vehicle
2327.jpg,0,normal vehicle
1691.jpg,0,normal vehicle
941.jpg,1,fire truck
962.jpg,1,police_car
53.jpg,1,ambulance
772.jpg,1,police_car
1272.jpg,0,normal vehicle
2019.jpg,0,normal vehicle
1347.jpg,0,normal vehicle
505.jpg,1,police_car
752.jpg,1,fire truck
1613.jpg,0,normal vehicle
1710.jpg,0,normal vehicle
2220.jpg,0,normal vehicle
1468.jpg,0,normal vehicle
2017.jpg,0,normal vehicle
365.jpg,1,police_car
1641.jpg,0,normal vehicle
1386.jpg,0,normal vehicle
309.jpg,1,police_car
1926.jpg,0,normal vehicle
2171.jpg,0,normal vehicle
583.jpg,1,fire truck
1669.jpg,0,normal vehicle
771.jpg,1,fire truck
2200.jpg,0,normal vehicle
1866.jpg,0,normal vehicle
152.jpg,1,ambulance
2104.jpg,0,normal vehicle
1829.jpg,0,normal vehicle
1041.jpg,0,normal vehicle
856.jpg,1,police_car
1727.jpg,0,normal vehicle
318.jpg,1,fire truck
1372.jpg,0,normal vehicle
1286.jpg,0,normal vehicle
974.jpg,1,police_car
1903.jpg,0,normal vehicle
1623.jpg,0,normal vehicle
1283.jpg,0,normal vehicle
1916.jpg,0,normal vehicle
1355.jpg,0,normal vehicle
343.jpg,1,police_car
994.jpg,0,normal vehicle
398.jpg,1,fire truck
584.jpg,1,police_car
704.jpg,1,ambulance
1941.jpg,0,normal vehicle
1299.jpg,0,normal vehicle
292.jpg,1,fire truck
1620.jpg,0,normal vehicle
1259.jpg,0,normal vehicle
1161.jpg,0,normal vehicle
1544.jpg,0,normal vehicle
141.jpg,1,fire truck
1159.jpg,0,normal vehicle
2.jpg,1,fire truck
1175.jpg,0,normal vehicle
576.jpg,1,police_car
1563.jpg,0,normal vehicle
339.jpg,1,police_car
358.jpg,1,police_car
265.jpg,1,police_car
376.jpg,1,police_car
1471.jpg,0,normal vehicle
2016.jpg,0,normal vehicle
439.jpg,1,police_car
271.jpg,1,fire truck
1956.jpg,0,normal vehicle
1812.jpg,0,normal vehicle
244.jpg,1,fire truck
985.jpg,1,fire truck
940.jpg,1,fire truck
1043.jpg,0,normal vehicle
1124.jpg,0,normal vehicle
993.jpg,0,normal vehicle
1800.jpg,0,normal vehicle
902.jpg,1,fire truck
607.jpg,1,police_car
415.jpg,1,police_car
273.jpg,1,fire truck
1449.jpg,0,normal vehicle
780.jpg,1,fire truck
1135.jpg,0,normal vehicle
250.jpg,1,fire truck
413.jpg,1,police_car
2213.jpg,0,normal vehicle
1765.jpg,0,normal vehicle
2212.jpg,0,normal vehicle
310.jpg,1,fire truck
1023.jpg,0,normal vehicle
893.jpg,1,police_car
1005.jpg,0,normal vehicle
425.jpg,1,fire truck
2280.jpg,0,normal vehicle
2102.jpg,0,normal vehicle
2125.jpg,0,normal vehicle
721.jpg,1,fire truck
1825.jpg,0,normal vehicle
348.jpg,1,police_car
1394.jpg,0,normal vehicle
988.jpg,1,fire truck
1228.jpg,0,normal vehicle
526.jpg,1,police_car
1010.jpg,0,normal vehicle
363.jpg,1,fire truck
182.jpg,1,police_car
170.jpg,1,police_car
1073.jpg,0,normal vehicle
1225.jpg,0,normal vehicle
1036.jpg,0,normal vehicle
812.jpg,1,ambulance
187.jpg,1,ambulance
619.jpg,1,ambulance
151.jpg,1,fire truck
158.jpg,1,police_car
1083.jpg,0,normal vehicle
272.jpg,1,police_car
614.jpg,1,police_car
489.jpg,1,ambulance
1134.jpg,0,normal vehicle
2170.jpg,0,normal vehicle
1788.jpg,0,normal vehicle
371.jpg,1,fire truck
222.jpg,1,ambulance
593.jpg,1,fire truck
476.jpg,1,fire truck
978.jpg,1,fire truck
1612.jpg,0,normal vehicle
1689.jpg,0,normal vehicle
839.jpg,1,fire truck
687.jpg,1,police_car
1442.jpg,0,normal vehicle
136.jpg,1,fire truck
518.jpg,1,ambulance
628.jpg,1,police_car
334.jpg,1,fire truck
781.jpg,1,police_car
1289.jpg,0,normal vehicle
1572.jpg,0,normal vehicle
1844.jpg,0,normal vehicle
1044.jpg,0,normal vehicle
2184.jpg,0,normal vehicle
1560.jpg,0,normal vehicle
710.jpg,1,ambulance
15.jpg,1,ambulance
1975.jpg,0,normal vehicle
287.jpg,1,police_car
1973.jpg,0,normal vehicle
2079.jpg,0,normal vehicle
1862.jpg,0,normal vehicle
2163.jpg,0,normal vehicle
1221.jpg,0,normal vehicle
570.jpg,1,fire truck
654.jpg,1,police_car
1056.jpg,0,normal vehicle
1309.jpg,0,normal vehicle
465.jpg,1,fire truck
1656.jpg,0,normal vehicle
199.jpg,1,police_car
1317.jpg,0,normal vehicle
2325.jpg,0,normal vehicle
1622.jpg,0,normal vehicle
1666.jpg,0,normal vehicle
1880.jpg,0,normal vehicle
2120.jpg,0,normal vehicle
1210.jpg,0,normal vehicle
1877.jpg,0,normal vehicle
1755.jpg,0,normal vehicle
1628.jpg,0,normal vehicle
591.jpg,1,police_car
1332.jpg,0,normal vehicle
1887.jpg,0,normal vehicle
1104.jpg,0,normal vehicle
1911.jpg,0,normal vehicle
1116.jpg,0,normal vehicle
2172.jpg,0,normal vehicle
1113.jpg,0,normal vehicle
1018.jpg,0,normal vehicle
1901.jpg,0,normal vehicle
816.jpg,1,fire truck
1193.jpg,0,normal vehicle
43.jpg,1,police_car
1404.jpg,0,normal vehicle
274.jpg,1,fire truck
2342.jpg,0,normal vehicle
865.jpg,1,fire truck
101.jpg,1,police_car
1285.jpg,0,normal vehicle
1165.jpg,0,normal vehicle
1342.jpg,0,normal vehicle
107.jpg,1,police_car
1383.jpg,0,normal vehicle
497.jpg,1,police_car
2340.jpg,0,normal vehicle
802.jpg,0,normal vehicle
2185.jpg,0,normal vehicle
1189.jpg,0,normal vehicle
1480.jpg,0,normal vehicle
2218.jpg,0,normal vehicle
1194.jpg,0,normal vehicle
2204.jpg,0,normal vehicle
1746.jpg,0,normal vehicle
2196.jpg,0,normal vehicle
2095.jpg,0,normal vehicle
1307.jpg,0,normal vehicle
712.jpg,1,fire truck
72.jpg,1,fire truck
500.jpg,1,fire truck
1632.jpg,0,normal vehicle
1573.jpg,0,normal vehicle
2263.jpg,0,normal vehicle
481.jpg,1,police_car
1447.jpg,0,normal vehicle
1913.jpg,0,normal vehicle
1778.jpg,0,normal vehicle
1322.jpg,0,normal vehicle
405.jpg,1,fire truck
757.jpg,1,police_car
1190.jpg,0,normal vehicle
1448.jpg,0,normal vehicle
2108.jpg,0,normal vehicle
1543.jpg,0,normal vehicle
743.jpg,1,fire truck
806.jpg,1,police_car
2173.jpg,0,normal vehicle
1660.jpg,0,normal vehicle
1251.jpg,0,normal vehicle
148.jpg,1,police_car
1075.jpg,0,normal vehicle
1770.jpg,0,normal vehicle
692.jpg,1,police_car
818.jpg,1,police_car
1850.jpg,0,normal vehicle
2209.jpg,0,normal vehicle
1494.jpg,0,normal vehicle
701.jpg,1,ambulance
2083.jpg,0,normal vehicle
921.jpg,1,fire truck
905.jpg,1,fire truck
1815.jpg,0,normal vehicle
2350.jpg,0,normal vehicle
1566.jpg,0,normal vehicle
1226.jpg,0,normal vehicle
167.jpg,1,police_car
730.jpg,1,police_car
1374.jpg,0,normal vehicle
26.jpg,1,fire truck
1173.jpg,0,normal vehicle
2149.jpg,0,normal vehicle
997.jpg,0,normal vehicle
1040.jpg,0,normal vehicle
1410.jpg,0,normal vehicle
1575.jpg,0,normal vehicle
1652.jpg,0,normal vehicle
41.jpg,1,fire truck
1171.jpg,0,normal vehicle
2304.jpg,0,normal vehicle
1200.jpg,0,normal vehicle
1477.jpg,0,normal vehicle
609.jpg,1,fire truck
2077.jpg,0,normal vehicle
1922.jpg,0,normal vehicle
1181.jpg,0,normal vehicle
1375.jpg,0,normal vehicle
493.jpg,1,police_car
236.jpg,1,ambulance
551.jpg,1,police_car
520.jpg,1,fire truck
1836.jpg,0,normal vehicle
720.jpg,1,police_car
1754.jpg,0,normal vehicle
2080.jpg,0,normal vehicle
58.jpg,1,ambulance
631.jpg,1,police_car
1429.jpg,0,normal vehicle
592.jpg,1,police_car
2048.jpg,0,normal vehicle
939.jpg,1,police_car
2026.jpg,0,normal vehicle
904.jpg,1,fire truck
2187.jpg,0,normal vehicle
2258.jpg,0,normal vehicle
1401.jpg,0,normal vehicle
1241.jpg,0,normal vehicle
1675.jpg,0,normal vehicle
706.jpg,1,ambulance
1022.jpg,0,normal vehicle
745.jpg,1,fire truck
2105.jpg,0,normal vehicle
1245.jpg,0,normal vehicle
513.jpg,1,police_car
81.jpg,1,police_car
2087.jpg,0,normal vehicle
914.jpg,1,fire truck
2166.jpg,0,normal vehicle
2237.jpg,0,normal vehicle
150.jpg,1,ambulance
774.jpg,1,fire truck
329.jpg,1,fire truck
6.jpg,1,police_car
943.jpg,1,fire truck
1808.jpg,0,normal vehicle
1813.jpg,0,normal vehicle
909.jpg,1,police_car
468.jpg,1,ambulance
181.jpg,1,police_car
164.jpg,1,fire truck
451.jpg,1,police_car
490.jpg,1,police_car
1869.jpg,0,normal vehicle
2307.jpg,0,normal vehicle
1111.jpg,0,normal vehicle
1845.jpg,0,normal vehicle
1427.jpg,0,normal vehicle
1493.jpg,0,normal vehicle
1290.jpg,0,normal vehicle
1509.jpg,0,normal vehicle
1565.jpg,0,normal vehicle
327.jpg,1,police_car
442.jpg,1,police_car
1752.jpg,0,normal vehicle
1508.jpg,0,normal vehicle
832.jpg,1,police_car
2161.jpg,0,normal vehicle
1514.jpg,0,normal vehicle
86.jpg,1,fire truck
2296.jpg,0,normal vehicle
777.jpg,1,fire truck
1402.jpg,0,normal vehicle
54.jpg,1,police_car
1642.jpg,0,normal vehicle
1467.jpg,0,normal vehicle
1370.jpg,0,normal vehicle
113.jpg,1,police_car
2203.jpg,0,normal vehicle
987.jpg,1,fire truck
1650.jpg,0,normal vehicle
1368.jpg,0,normal vehicle
1009.jpg,0,normal vehicle
589.jpg,1,fire truck
1920.jpg,0,normal vehicle
17.jpg,1,fire truck
2050.jpg,0,normal vehicle
285.jpg,1,police_car
428.jpg,1,police_car
1185.jpg,0,normal vehicle
669.jpg,1,police_car
31.jpg,1,fire truck
722.jpg,1,police_car
951.jpg,1,fire truck
1539.jpg,0,normal vehicle
214.jpg,1,ambulance
1562.jpg,0,normal vehicle
1164.jpg,0,normal vehicle
326.jpg,1,police_car
560.jpg,1,police_car
1086.jpg,0,normal vehicle
1601.jpg,0,normal vehicle
341.jpg,1,police_car
147.jpg,1,fire truck
1610.jpg,0,normal vehicle
1107.jpg,0,normal vehicle
1879.jpg,0,normal vehicle
966.jpg,1,fire truck
1072.jpg,0,normal vehicle
155.jpg,1,police_car
1446.jpg,0,normal vehicle
1505.jpg,0,normal vehicle
2031.jpg,0,normal vehicle
1614.jpg,0,normal vehicle
1889.jpg,0,normal vehicle
1898.jpg,0,normal vehicle
2081.jpg,0,normal vehicle
2316.jpg,0,normal vehicle
1419.jpg,0,normal vehicle
2207.jpg,0,normal vehicle
1561.jpg,0,normal vehicle
1739.jpg,0,normal vehicle
2112.jpg,0,normal vehicle
938.jpg,1,fire truck
2114.jpg,0,normal vehicle
346.jpg,1,police_car
1872.jpg,0,normal vehicle
2328.jpg,0,normal vehicle
385.jpg,1,police_car
1376.jpg,0,normal vehicle
1422.jpg,0,normal vehicle
243.jpg,1,ambulance
1302.jpg,0,normal vehicle
936.jpg,1,ambulance
1992.jpg,0,normal vehicle
312.jpg,1,ambulance
2295.jpg,0,normal vehicle
1684.jpg,0,normal vehicle
968.jpg,1,police_car
660.jpg,1,fire truck
2011.jpg,0,normal vehicle
370.jpg,1,fire truck
566.jpg,1,fire truck
1837.jpg,0,normal vehicle
824.jpg,1,fire truck
982.jpg,1,ambulance
1738.jpg,0,normal vehicle
1677.jpg,0,normal vehicle
813.jpg,1,fire truck
778.jpg,1,fire truck
1052.jpg,0,normal vehicle
2302.jpg,0,normal vehicle
1013.jpg,0,normal vehicle
1490.jpg,0,normal vehicle
1846.jpg,0,normal vehicle
2319.jpg,0,normal vehicle
126.jpg,1,police_car
887.jpg,1,police_car
1784.jpg,0,normal vehicle
1007.jpg,0,normal vehicle
355.jpg,1,police_car
2024.jpg,0,normal vehicle
682.jpg,1,police_car
827.jpg,1,police_car
1859.jpg,0,normal vehicle
984.jpg,1,police_car
1233.jpg,0,normal vehicle
1948.jpg,0,normal vehicle
140.jpg,1,ambulance
1943.jpg,0,normal vehicle
1839.jpg,0,normal vehicle
1437.jpg,0,normal vehicle
2090.jpg,0,normal vehicle
1592.jpg,0,normal vehicle
2320.jpg,0,normal vehicle
1933.jpg,0,normal vehicle
711.jpg,1,fire truck
1157.jpg,0,normal vehicle
1462.jpg,0,normal vehicle
871.jpg,1,police_car
10.jpg,1,fire truck
1517.jpg,0,normal vehicle
1476.jpg,0,normal vehicle
754.jpg,1,police_car
626.jpg,1,police_car
1506.jpg,0,normal vehicle
129.jpg,1,fire truck
843.jpg,1,police_car
323.jpg,1,fire truck
1731.jpg,0,normal vehicle
1618.jpg,0,normal vehicle
2279.jpg,0,normal vehicle
14.jpg,1,ambulance
1801.jpg,0,normal vehicle
215.jpg,1,fire truck
1412.jpg,0,normal vehicle
1699.jpg,0,normal vehicle
1182.jpg,0,normal vehicle
1435.jpg,0,normal vehicle
1361.jpg,0,normal vehicle
864.jpg,1,police_car
516.jpg,1,police_car
597.jpg,1,ambulance
195.jpg,1,fire truck
288.jpg,1,police_car
950.jpg,1,police_car
1596.jpg,0,normal vehicle
1896.jpg,0,normal vehicle
1120.jpg,0,normal vehicle
549.jpg,1,police_car
156.jpg,1,police_car
419.jpg,1,fire truck
922.jpg,1,police_car
2106.jpg,0,normal vehicle
477.jpg,1,police_car
1433.jpg,0,normal vehicle
553.jpg,1,police_car
1202.jpg,0,normal vehicle
390.jpg,1,fire truck
578.jpg,1,fire truck
2177.jpg,0,normal vehicle
1486.jpg,0,normal vehicle
2341.jpg,0,normal vehicle
820.jpg,1,fire truck
2251.jpg,0,normal vehicle
1006.jpg,0,normal vehicle
1248.jpg,0,normal vehicle
1421.jpg,0,normal vehicle
664.jpg,1,police_car
2028.jpg,0,normal vehicle
142.jpg,1,fire truck
2044.jpg,0,normal vehicle
2231.jpg,0,normal vehicle
421.jpg,1,fire truck
799.jpg,1,fire truck
615.jpg,1,ambulance
295.jpg,1,police_car
401.jpg,1,ambulance
88.jpg,1,police_car
1790.jpg,0,normal vehicle
2314.jpg,0,normal vehicle
131.jpg,1,police_car
1995.jpg,0,normal vehicle
2321.jpg,0,normal vehicle
1999.jpg,0,normal vehicle
2022.jpg,0,normal vehicle
1935.jpg,0,normal vehicle
724.jpg,1,fire truck
1314.jpg,0,normal vehicle
1769.jpg,0,normal vehicle
269.jpg,1,fire truck
2165.jpg,0,normal vehicle
1832.jpg,0,normal vehicle
917.jpg,1,fire truck
1319.jpg,0,normal vehicle
2150.jpg,0,normal vehicle
1777.jpg,0,normal vehicle
1389.jpg,0,normal vehicle
375.jpg,1,police_car
333.jpg,1,fire truck
1564.jpg,0,normal vehicle
2210.jpg,0,normal vehicle
1118.jpg,0,normal vehicle
910.jpg,1,fire truck
776.jpg,1,ambulance
1753.jpg,0,normal vehicle
328.jpg,1,police_car
320.jpg,1,fire truck
1766.jpg,0,normal vehicle
12.jpg,1,police_car
897.jpg,1,ambulance
171.jpg,1,ambulance
260.jpg,1,police_car
1921.jpg,0,normal vehicle
1905.jpg,0,normal vehicle
901.jpg,1,police_car
258.jpg,1,ambulance
844.jpg,1,police_car
138.jpg,1,fire truck
319.jpg,1,ambulance
653.jpg,1,fire truck
1659.jpg,0,normal vehicle
1586.jpg,0,normal vehicle
558.jpg,1,police_car
139.jpg,1,police_car
112.jpg,1,police_car
531.jpg,1,ambulance
224.jpg,1,police_car
723.jpg,1,police_car
2183.jpg,0,normal vehicle
1977.jpg,0,normal vehicle
325.jpg,1,fire truck
1323.jpg,0,normal vehicle
1700.jpg,0,normal vehicle
2046.jpg,0,normal vehicle
714.jpg,1,police_car
846.jpg,1,fire truck
193.jpg,1,ambulance
573.jpg,1,police_car
946.jpg,1,police_car
503.jpg,1,police_car
1580.jpg,0,normal vehicle
1569.jpg,0,normal vehicle
645.jpg,1,police_car
3.jpg,1,fire truck
1551.jpg,0,normal vehicle
467.jpg,1,police_car
1345.jpg,0,normal vehicle
5.jpg,1,fire truck
1786.jpg,0,normal vehicle
1991.jpg,0,normal vehicle
547.jpg,1,fire truck
228.jpg,1,police_car
1063.jpg,0,normal vehicle
542.jpg,1,police_car
242.jpg,1,fire truck
898.jpg,1,fire truck
1809.jpg,0,normal vehicle
1160.jpg,0,normal vehicle
2124.jpg,0,normal vehicle
1582.jpg,0,normal vehicle
842.jpg,1,ambulance
2015.jpg,0,normal vehicle
1917.jpg,0,normal vehicle
1559.jpg,0,normal vehicle
276.jpg,1,police_car
661.jpg,1,police_car
1937.jpg,0,normal vehicle
1626.jpg,0,normal vehicle
314.jpg,1,police_car
1343.jpg,0,normal vehicle
1615.jpg,0,normal vehicle
691.jpg,1,ambulance
2029.jpg,0,normal vehicle
424.jpg,1,fire truck
594.jpg,1,police_car
2329.jpg,0,normal vehicle
1711.jpg,0,normal vehicle
622.jpg,1,police_car
1578.jpg,0,normal vehicle
1413.jpg,0,normal vehicle
227.jpg,1,fire truck
1510.jpg,0,normal vehicle
1169.jpg,0,normal vehicle
1792.jpg,0,normal vehicle
1483.jpg,0,normal vehicle
66.jpg,1,fire truck
1855.jpg,0,normal vehicle
24.jpg,1,ambulance
1235.jpg,0,normal vehicle
144.jpg,1,fire truck
536.jpg,1,ambulance
811.jpg,1,fire truck
1512.jpg,0,normal vehicle
85.jpg,1,police_car
1254.jpg,0,normal vehicle
1830.jpg,0,normal vehicle
1793.jpg,0,normal vehicle
1593.jpg,0,normal vehicle
1451.jpg,0,normal vehicle
484.jpg,1,ambulance
2096.jpg,0,normal vehicle
2246.jpg,0,normal vehicle
1851.jpg,0,normal vehicle
1545.jpg,0,normal vehicle
2315.jpg,0,normal vehicle
362.jpg,1,police_car
749.jpg,1,police_car
1556.jpg,0,normal vehicle
1026.jpg,0,normal vehicle
1030.jpg,0,normal vehicle
1831.jpg,0,normal vehicle
1335.jpg,0,normal vehicle
1824.jpg,0,normal vehicle
1453.jpg,0,normal vehicle
665.jpg,1,police_car
364.jpg,1,fire truck
2070.jpg,0,normal vehicle
1239.jpg,0,normal vehicle
77.jpg,1,fire truck
27.jpg,1,police_car
1942.jpg,0,normal vehicle
525.jpg,1,police_car
725.jpg,1,police_car
55.jpg,1,fire truck
638.jpg,1,fire truck
302.jpg,1,fire truck
718.jpg,1,police_car
2347.jpg,0,normal vehicle
624.jpg,1,ambulance
7.jpg,1,police_car
1280.jpg,0,normal vehicle
803.jpg,1,fire truck
1049.jpg,0,normal vehicle
336.jpg,1,ambulance
47.jpg,1,police_car
2000.jpg,0,normal vehicle
106.jpg,1,fire truck
349.jpg,1,fire truck
1079.jpg,0,normal vehicle
238.jpg,1,police_car
213.jpg,1,police_car
1144.jpg,0,normal vehicle
2072.jpg,0,normal vehicle
1749.jpg,0,normal vehicle
793.jpg,1,ambulance
1096.jpg,0,normal vehicle
2025.jpg,0,normal vehicle
1892.jpg,0,normal vehicle
2093.jpg,0,normal vehicle
345.jpg,1,fire truck
523.jpg,1,police_car
232.jpg,1,fire truck
644.jpg,1,police_car
2034.jpg,0,normal vehicle
1428.jpg,0,normal vehicle
533.jpg,1,police_car
2035.jpg,0,normal vehicle
603.jpg,1,ambulance
1489.jpg,0,normal vehicle
1874.jpg,0,normal vehicle
1426.jpg,0,normal vehicle
1074.jpg,0,normal vehicle
1761.jpg,0,normal vehicle
60.jpg,1,fire truck
1701.jpg,0,normal vehicle
92.jpg,1,police_car
666.jpg,1,police_car
2067.jpg,0,normal vehicle
2116.jpg,0,normal vehicle
280.jpg,1,fire truck
2167.jpg,0,normal vehicle
359.jpg,1,fire truck
1867.jpg,0,normal vehicle
1397.jpg,0,normal vehicle
1576.jpg,0,normal vehicle
847.jpg,1,ambulance
1206.jpg,0,normal vehicle
1857.jpg,0,normal vehicle
110.jpg,1,police_car
42.jpg,1,police_car
125.jpg,1,police_car
204.jpg,1,police_car
1473.jpg,0,normal vehicle
52.jpg,1,ambulance
545.jpg,1,police_car
68.jpg,1,police_car
1533.jpg,0,normal vehicle
2069.jpg,0,normal vehicle
1672.jpg,0,normal vehicle
1424.jpg,0,normal vehicle
183.jpg,1,police_car
137.jpg,1,fire truck
899.jpg,1,fire truck
796.jpg,1,police_car
132.jpg,1,fire truck
80.jpg,1,fire truck
2005.jpg,0,normal vehicle
758.jpg,1,police_car
541.jpg,1,fire truck
1019.jpg,0,normal vehicle
1541.jpg,0,normal vehicle
983.jpg,1,fire truck
2142.jpg,0,normal vehicle
165.jpg,1,police_car
248.jpg,1,police_car
1331.jpg,0,normal vehicle
446.jpg,1,police_car
1550.jpg,0,normal vehicle
858.jpg,1,ambulance
1358.jpg,0,normal vehicle
1629.jpg,0,normal vehicle
97.jpg,1,police_car
1567.jpg,0,normal vehicle
805.jpg,1,police_car
737.jpg,1,fire truck
2004.jpg,0,normal vehicle
1756.jpg,0,normal vehicle
102.jpg,1,fire truck
434.jpg,1,police_car
74.jpg,1,police_car
577.jpg,1,police_car
1616.jpg,0,normal vehicle
1692.jpg,0,normal vehicle
1230.jpg,0,normal vehicle
918.jpg,1,police_car
1326.jpg,0,normal vehicle
2179.jpg,0,normal vehicle
2153.jpg,0,normal vehicle
2115.jpg,0,normal vehicle
762.jpg,1,police_car
989.jpg,1,police_car
388.jpg,1,police_car
235.jpg,1,police_car
2032.jpg,0,normal vehicle
267.jpg,1,police_car
1329.jpg,0,normal vehicle
1599.jpg,0,normal vehicle
117.jpg,1,fire truck
437.jpg,1,police_car
673.jpg,1,police_car
249.jpg,1,police_car
1961.jpg,0,normal vehicle
1574.jpg,0,normal vehicle
2348.jpg,0,normal vehicle
94.jpg,1,fire truck
1726.jpg,0,normal vehicle
33.jpg,1,fire truck
1996.jpg,0,normal vehicle
2151.jpg,0,normal vehicle
448.jpg,1,fire truck
1469.jpg,0,normal vehicle
716.jpg,1,police_car
1702.jpg,0,normal vehicle
2326.jpg,0,normal vehicle
0.jpg,1,police_car
1854.jpg,0,normal vehicle
1101.jpg,0,normal vehicle
1108.jpg,0,normal vehicle
2138.jpg,0,normal vehicle
82.jpg,1,fire truck
1481.jpg,0,normal vehicle
1735.jpg,0,normal vehicle
676.jpg,1,fire truck
1797.jpg,0,normal vehicle
1958.jpg,0,normal vehicle
1046.jpg,0,normal vehicle
1460.jpg,0,normal vehicle
770.jpg,1,fire truck
1633.jpg,0,normal vehicle
1723.jpg,0,normal vehicle
517.jpg,1,police_car
2012.jpg,0,normal vehicle
404.jpg,1,fire truck
384.jpg,1,fire truck
1748.jpg,0,normal vehicle
1804.jpg,0,normal vehicle
104.jpg,1,fire truck
2244.jpg,0,normal vehicle
688.jpg,1,police_car
1762.jpg,0,normal vehicle
826.jpg,1,fire truck
1240.jpg,0,normal vehicle
62.jpg,1,fire truck
1305.jpg,0,normal vehicle
852.jpg,1,police_car
1822.jpg,0,normal vehicle
1262.jpg,0,normal vehicle
223.jpg,1,ambulance
145.jpg,1,fire truck
1088.jpg,0,normal vehicle
373.jpg,1,fire truck
2119.jpg,0,normal vehicle
1142.jpg,0,normal vehicle
2252.jpg,0,normal vehicle
2018.jpg,0,normal vehicle
1274.jpg,0,normal vehicle
1265.jpg,0,normal vehicle
2103.jpg,0,normal vehicle
1709.jpg,0,normal vehicle
9.jpg,1,fire truck
449.jpg,1,fire truck
708.jpg,1,fire truck
255.jpg,1,fire truck
882.jpg,1,police_car
1617.jpg,0,normal vehicle
389.jpg,1,ambulance
1771.jpg,0,normal vehicle
2255.jpg,0,normal vehicle
1581.jpg,0,normal vehicle
908.jpg,1,fire truck
924.jpg,1,police_car
751.jpg,1,police_car
1654.jpg,0,normal vehicle
460.jpg,1,fire truck
1708.jpg,0,normal vehicle
1224.jpg,0,normal vehicle
1168.jpg,0,normal vehicle
958.jpg,1,fire truck
501.jpg,1,police_car
739.jpg,1,police_car
40.jpg,1,fire truck
868.jpg,1,police_car
731.jpg,1,ambulance
539.jpg,1,fire truck
1201.jpg,0,normal vehicle
1339.jpg,0,normal vehicle
697.jpg,1,ambulance
1878.jpg,0,normal vehicle
1856.jpg,0,normal vehicle
1371.jpg,0,normal vehicle
1145.jpg,0,normal vehicle
1031.jpg,0,normal vehicle
372.jpg,1,police_car
667.jpg,1,police_car
1431.jpg,0,normal vehicle
2055.jpg,0,normal vehicle
357.jpg,1,police_car
967.jpg,1,fire truck
783.jpg,1,police_car
735.jpg,1,ambulance
1353.jpg,0,normal vehicle
1035.jpg,0,normal vehicle
970.jpg,1,fire truck
470.jpg,1,fire truck
2009.jpg,0,normal vehicle
2215.jpg,0,normal vehicle
2193.jpg,0,normal vehicle
1396.jpg,0,normal vehicle
1536.jpg,0,normal vehicle
1741.jpg,0,normal vehicle
2053.jpg,0,normal vehicle
1549.jpg,0,normal vehicle
1328.jpg,0,normal vehicle
1818.jpg,0,normal vehicle
2014.jpg,0,normal vehicle
1425.jpg,0,normal vehicle
1464.jpg,0,normal vehicle
1555.jpg,0,normal vehicle
2239.jpg,0,normal vehicle
1250.jpg,0,normal vehicle
1252.jpg,0,normal vehicle
2283.jpg,0,normal vehicle
2284.jpg,0,normal vehicle
1236.jpg,0,normal vehicle
885.jpg,1,police_car
79.jpg,1,fire truck
1172.jpg,0,normal vehicle
814.jpg,1,ambulance
1730.jpg,0,normal vehicle
671.jpg,1,police_car
2058.jpg,0,normal vehicle
2064.jpg,0,normal vehicle
57.jpg,1,police_car
133.jpg,1,police_car
1140.jpg,0,normal vehicle
933.jpg,1,police_car
928.jpg,1,ambulance
823.jpg,1,ambulance
1432.jpg,0,normal vehicle
1838.jpg,0,normal vehicle
1531.jpg,0,normal vehicle
1214.jpg,0,normal vehicle
504.jpg,1,ambulance
2323.jpg,0,normal vehicle
347.jpg,1,fire truck
386.jpg,1,fire truck
1024.jpg,0,normal vehicle
1384.jpg,0,normal vehicle
894.jpg,1,ambulance
828.jpg,1,police_car
2291.jpg,0,normal vehicle
475.jpg,1,police_car
1683.jpg,0,normal vehicle
1984.jpg,0,normal vehicle
1978.jpg,0,normal vehicle
1954.jpg,0,normal vehicle
1882.jpg,0,normal vehicle
652.jpg,1,fire truck
172.jpg,1,police_car
1474.jpg,0,normal vehicle
1149.jpg,0,normal vehicle
38.jpg,1,police_car
1554.jpg,0,normal vehicle
713.jpg,1,ambulance
90.jpg,1,police_car
166.jpg,1,police_car
1205.jpg,0,normal vehicle
875.jpg,1,police_car
2232.jpg,0,normal vehicle
2157.jpg,0,normal vehicle
2290.jpg,0,normal vehicle
1093.jpg,0,normal vehicle
1155.jpg,0,normal vehicle
1324.jpg,0,normal vehicle
1834.jpg,0,normal vehicle
1350.jpg,0,normal vehicle
510.jpg,1,police_car
1680.jpg,0,normal vehicle
499.jpg,1,ambulance
1826.jpg,0,normal vehicle
1388.jpg,0,normal vehicle
1519.jpg,0,normal vehicle
1671.jpg,0,normal vehicle
338.jpg,1,police_car
2136.jpg,0,normal vehicle
1188.jpg,0,normal vehicle
28.jpg,1,police_car
1540.jpg,0,normal vehicle
1217.jpg,0,normal vehicle
1932.jpg,0,normal vehicle
794.jpg,1,police_car
945.jpg,1,police_car
1988.jpg,0,normal vehicle
169.jpg,1,police_car
1893.jpg,0,normal vehicle
1676.jpg,0,normal vehicle
1197.jpg,0,normal vehicle
1542.jpg,0,normal vehicle
1253.jpg,0,normal vehicle
2131.jpg,0,normal vehicle
912.jpg,1,fire truck
491.jpg,1,police_car
953.jpg,1,fire truck
1097.jpg,0,normal vehicle
1032.jpg,0,normal vehicle
587.jpg,1,ambulance
750.jpg,1,fire truck
657.jpg,1,police_car
234.jpg,1,police_car
732.jpg,1,police_car
2344.jpg,0,normal vehicle
1186.jpg,0,normal vehicle
1156.jpg,0,normal vehicle
1983.jpg,0,normal vehicle
1925.jpg,0,normal vehicle
2123.jpg,0,normal vehicle
934.jpg,1,police_car
1209.jpg,0,normal vehicle
1065.jpg,0,normal vehicle
1716.jpg,0,normal vehicle
108.jpg,1,fire truck
1062.jpg,0,normal vehicle
568.jpg,1,police_car
1167.jpg,0,normal vehicle
1174.jpg,0,normal vehicle
1588.jpg,0,normal vehicle
1507.jpg,0,normal vehicle
1492.jpg,0,normal vehicle
890.jpg,1,fire truck
947.jpg,1,police_car
1048.jpg,0,normal vehicle
1820.jpg,0,normal vehicle
1849.jpg,0,normal vehicle
1953.jpg,0,normal vehicle
884.jpg,1,fire truck
143.jpg,1,fire truck
2308.jpg,0,normal vehicle
2060.jpg,0,normal vehicle
850.jpg,1,fire truck
1587.jpg,0,normal vehicle
1407.jpg,0,normal vehicle
734.jpg,1,police_car
717.jpg,1,police_car
454.jpg,1,police_car
264.jpg,1,police_car
75.jpg,1,police_car
1256.jpg,0,normal vehicle
444.jpg,1,fire truck
395.jpg,1,police_car
1938.jpg,0,normal vehicle
176.jpg,1,police_car
1042.jpg,0,normal vehicle
2197.jpg,0,normal vehicle
1888.jpg,0,normal vehicle
2222.jpg,0,normal vehicle
1929.jpg,0,normal vehicle
595.jpg,1,police_car
61.jpg,1,police_car
1296.jpg,0,normal vehicle
1821.jpg,0,normal vehicle
872.jpg,1,fire truck
2013.jpg,0,normal vehicle
216.jpg,1,police_car
278.jpg,1,fire truck
1548.jpg,0,normal vehicle
1718.jpg,0,normal vehicle
1392.jpg,0,normal vehicle
1803.jpg,0,normal vehicle
36.jpg,1,ambulance
2191.jpg,0,normal vehicle
2043.jpg,0,normal vehicle
662.jpg,1,ambulance
2054.jpg,0,normal vehicle
2240.jpg,0,normal vehicle
1951.jpg,0,normal vehicle
977.jpg,1,police_car
1571.jpg,0,normal vehicle
1122.jpg,0,normal vehicle
1712.jpg,0,normal vehicle
738.jpg,1,ambulance
191.jpg,1,police_car
919.jpg,1,fire truck
456.jpg,1,police_car
1417.jpg,0,normal vehicle
675.jpg,1,police_car
760.jpg,1,police_car
2241.jpg,0,normal vehicle
2122.jpg,0,normal vehicle
728.jpg,1,police_car
2137.jpg,0,normal vehicle
1399.jpg,0,normal vehicle
412.jpg,1,police_car
1098.jpg,0,normal vehicle
1516.jpg,0,normal vehicle
1649.jpg,0,normal vehicle
1524.jpg,0,normal vehicle
825.jpg,1,fire truck
2020.jpg,0,normal vehicle
616.jpg,1,police_car
114.jpg,1,fire truck
417.jpg,1,fire truck
2301.jpg,0,normal vehicle
1625.jpg,0,normal vehicle
969.jpg,1,police_car
604.jpg,1,fire truck
2306.jpg,0,normal vehicle
89.jpg,1,police_car
848.jpg,1,fire truck
726.jpg,1,police_car
2305.jpg,0,normal vehicle
753.jpg,1,fire truck
498.jpg,1,police_car
1276.jpg,0,normal vehicle
1325.jpg,0,normal vehicle
1630.jpg,0,normal vehicle
11.jpg,1,fire truck
396.jpg,1,police_car
284.jpg,1,police_car
2297.jpg,0,normal vehicle
1066.jpg,0,normal vehicle
1865.jpg,0,normal vehicle
1191.jpg,0,normal vehicle
1440.jpg,0,normal vehicle
1600.jpg,0,normal vehicle
1858.jpg,0,normal vehicle
2199.jpg,0,normal vehicle
2198.jpg,0,normal vehicle
1450.jpg,0,normal vehicle
690.jpg,1,fire truck
2127.jpg,0,normal vehicle
1568.jpg,0,normal vehicle
2281.jpg,0,normal vehicle
2269.jpg,0,normal vehicle
689.jpg,1,fire truck
1687.jpg,0,normal vehicle
851.jpg,1,fire truck
1498.jpg,0,normal vehicle
159.jpg,1,fire truck
895.jpg,1,police_car
496.jpg,1,fire truck
257.jpg,1,fire truck
1782.jpg,0,normal vehicle
335.jpg,1,police_car
2285.jpg,0,normal vehicle
1039.jpg,0,normal vehicle
515.jpg,1,ambulance
1348.jpg,0,normal vehicle
1015.jpg,0,normal vehicle
768.jpg,1,ambulance
2205.jpg,0,normal vehicle
441.jpg,1,fire truck
2003.jpg,0,normal vehicle
761.jpg,1,ambulance
1246.jpg,0,normal vehicle
1203.jpg,0,normal vehicle
1980.jpg,0,normal vehicle
1123.jpg,0,normal vehicle
1860.jpg,0,normal vehicle
1781.jpg,0,normal vehicle
521.jpg,1,police_car
1785.jpg,0,normal vehicle
22.jpg,1,fire truck
356.jpg,1,police_car
2238.jpg,0,normal vehicle
1277.jpg,0,normal vehicle
1312.jpg,0,normal vehicle
1635.jpg,0,normal vehicle
550.jpg,1,fire truck
340.jpg,1,ambulance
431.jpg,1,fire truck
473.jpg,1,police_car
217.jpg,1,fire truck
911.jpg,1,fire truck
1227.jpg,0,normal vehicle
2100.jpg,0,normal vehicle
1011.jpg,0,normal vehicle
957.jpg,1,fire truck
1773.jpg,0,normal vehicle
93.jpg,1,ambulance
1008.jpg,0,normal vehicle
1070.jpg,0,normal vehicle
1092.jpg,0,normal vehicle
2094.jpg,0,normal vehicle
1308.jpg,0,normal vehicle
696.jpg,1,fire truck
1109.jpg,0,normal vehicle
996.jpg,0,normal vehicle
1458.jpg,0,normal vehicle
1679.jpg,0,normal vehicle
153.jpg,1,police_car
1099.jpg,0,normal vehicle
246.jpg,1,fire truck
2351.jpg,0,normal vehicle
789.jpg,1,fire truck
580.jpg,1,police_car
1470.jpg,0,normal vehicle
703.jpg,1,ambulance
1212.jpg,0,normal vehicle
1295.jpg,0,normal vehicle
896.jpg,1,fire truck
1908.jpg,0,normal vehicle
1260.jpg,0,normal vehicle
487.jpg,1,fire truck
1624.jpg,0,normal vehicle
559.jpg,1,police_car
1141.jpg,0,normal vehicle
2190.jpg,0,normal vehicle
1119.jpg,0,normal vehicle
801.jpg,1,ambulance
1774.jpg,0,normal vehicle
512.jpg,1,ambulance
633.jpg,1,ambulance
1997.jpg,0,normal vehicle
1664.jpg,0,normal vehicle
1012.jpg,0,normal vehicle
1931.jpg,0,normal vehicle
1416.jpg,0,normal vehicle
1150.jpg,0,normal vehicle
790.jpg,1,fire truck
2202.jpg,0,normal vehicle
116.jpg,1,fire truck
1497.jpg,0,normal vehicle
740.jpg,1,ambulance
2346.jpg,0,normal vehicle
1974.jpg,0,normal vehicle
1081.jpg,0,normal vehicle
1627.jpg,0,normal vehicle
1810.jpg,0,normal vehicle
830.jpg,1,fire truck
119.jpg,1,fire truck
656.jpg,1,police_car
2145.jpg,0,normal vehicle
2109.jpg,0,normal vehicle
2330.jpg,0,normal vehicle
635.jpg,1,fire truck
369.jpg,1,fire truck
268.jpg,1,police_car
655.jpg,1,fire truck
2164.jpg,0,normal vehicle
935.jpg,1,fire truck
822.jpg,0,normal vehicle
866.jpg,1,fire truck
46.jpg,1,police_car
1373.jpg,0,normal vehicle
883.jpg,1,police_car
991.jpg,0,normal vehicle
876.jpg,1,police_car
773.jpg,1,police_car
1219.jpg,0,normal vehicle
1126.jpg,0,normal vehicle
4.jpg,1,police_car
2228.jpg,0,normal vehicle
1003.jpg,0,normal vehicle
1595.jpg,0,normal vehicle
2188.jpg,0,normal vehicle
263.jpg,1,police_car
2086.jpg,0,normal vehicle
612.jpg,1,fire truck
443.jpg,1,fire truck
1002.jpg,0,normal vehicle
1077.jpg,0,normal vehicle
2334.jpg,0,normal vehicle
837.jpg,1,police_car
681.jpg,1,fire truck
1715.jpg,0,normal vehicle
304.jpg,1,police_car
1365.jpg,0,normal vehicle
2076.jpg,0,normal vehicle
313.jpg,1,police_car
149.jpg,1,fire truck
1148.jpg,0,normal vehicle
1213.jpg,0,normal vehicle
574.jpg,1,police_car
1721.jpg,0,normal vehicle
1688.jpg,0,normal vehicle
50.jpg,1,fire truck
853.jpg,1,police_car
1982.jpg,0,normal vehicle
1823.jpg,0,normal vehicle
833.jpg,1,fire truck
1115.jpg,0,normal vehicle
1166.jpg,0,normal vehicle
1906.jpg,0,normal vehicle
971.jpg,1,police_car
399.jpg,1,fire truck
19.jpg,1,fire truck
684.jpg,1,ambulance
35.jpg,1,fire truck
2223.jpg,0,normal vehicle
524.jpg,1,police_car
920.jpg,1,fire truck
1841.jpg,0,normal vehicle
1890.jpg,0,normal vehicle
537.jpg,1,fire truck
1705.jpg,0,normal vehicle
2299.jpg,0,normal vehicle
245.jpg,1,fire truck
784.jpg,1,ambulance
1409.jpg,0,normal vehicle
154.jpg,0,normal vehicle
1686.jpg,0,normal vehicle
625.jpg,1,fire truck
2256.jpg,0,normal vehicle
1346.jpg,0,normal vehicle
569.jpg,1,police_car
1758.jpg,0,normal vehicle
1816.jpg,0,normal vehicle
2065.jpg,0,normal vehicle
127.jpg,1,police_car
2333.jpg,0,normal vehicle
2006.jpg,0,normal vehicle
980.jpg,1,police_car
190.jpg,1,police_car
1139.jpg,0,normal vehicle
992.jpg,0,normal vehicle
699.jpg,1,police_car
606.jpg,1,fire truck
180.jpg,1,police_car
301.jpg,1,police_car
1060.jpg,0,normal vehicle
2216.jpg,0,normal vehicle
1069.jpg,0,normal vehicle
1243.jpg,0,normal vehicle
16.jpg,1,fire truck
2336.jpg,0,normal vehicle
546.jpg,1,police_car
658.jpg,1,police_car
2121.jpg,0,normal vehicle
2148.jpg,0,normal vehicle
1504.jpg,0,normal vehicle
959.jpg,1,fire truck
797.jpg,1,police_car
225.jpg,1,fire truck
2074.jpg,0,normal vehicle
1799.jpg,0,normal vehicle
2322.jpg,0,normal vehicle
2085.jpg,0,normal vehicle
1693.jpg,0,normal vehicle
1045.jpg,0,normal vehicle
469.jpg,1,police_car
954.jpg,1,police_car
2332.jpg,0,normal vehicle
639.jpg,1,ambulance
2180.jpg,0,normal vehicle
1218.jpg,0,normal vehicle
1158.jpg,0,normal vehicle
1415.jpg,0,normal vehicle
2130.jpg,0,normal vehicle
1527.jpg,0,normal vehicle
2292.jpg,0,normal vehicle
1300.jpg,0,normal vehicle
2250.jpg,0,normal vehicle
1603.jpg,0,normal vehicle
160.jpg,1,fire truck
1704.jpg,0,normal vehicle
956.jpg,1,fire truck
2288.jpg,0,normal vehicle
877.jpg,1,ambulance
1919.jpg,0,normal vehicle
1884.jpg,0,normal vehicle
98.jpg,1,fire truck
2221.jpg,0,normal vehicle
253.jpg,1,fire truck
103.jpg,1,fire truck
1445.jpg,0,normal vehicle
1443.jpg,0,normal vehicle
1648.jpg,0,normal vehicle
586.jpg,1,ambulance
627.jpg,1,fire truck
1696.jpg,0,normal vehicle
2101.jpg,0,normal vehicle
403.jpg,1,police_car
1154.jpg,0,normal vehicle
1682.jpg,0,normal vehicle
2056.jpg,0,normal vehicle
2234.jpg,0,normal vehicle
452.jpg,1,police_car
1327.jpg,0,normal vehicle
2049.jpg,0,normal vehicle
880.jpg,1,ambulance
2289.jpg,0,normal vehicle
623.jpg,1,police_car
1787.jpg,0,normal vehicle
262.jpg,1,police_car
1634.jpg,0,normal vehicle
1438.jpg,0,normal vehicle
1969.jpg,0,normal vehicle
1802.jpg,0,normal vehicle
640.jpg,1,police_car
2224.jpg,0,normal vehicle
1959.jpg,0,normal vehicle
488.jpg,1,police_car
1843.jpg,0,normal vehicle
1734.jpg,0,normal vehicle
146.jpg,1,police_car
1534.jpg,0,normal vehicle
1986.jpg,0,normal vehicle
1369.jpg,0,normal vehicle
2303.jpg,0,normal vehicle
659.jpg,1,police_car
1794.jpg,0,normal vehicle
186.jpg,1,fire truck
1147.jpg,0,normal vehicle
608.jpg,1,police_car
1930.jpg,0,normal vehicle
197.jpg,1,police_car
293.jpg,1,fire truck
766.jpg,1,fire truck
400.jpg,1,police_car
122.jpg,1,fire truck
202.jpg,1,police_car
835.jpg,1,fire truck
1439.jpg,0,normal vehicle
1733.jpg,0,normal vehicle
1695.jpg,0,normal vehicle
1707.jpg,0,normal vehicle
2286.jpg,0,normal vehicle
1153.jpg,0,normal vehicle
1661.jpg,0,normal vehicle
1759.jpg,0,normal vehicle
854.jpg,1,ambulance
1589.jpg,0,normal vehicle
641.jpg,1,police_car
1.jpg,1,police_car
2160.jpg,0,normal vehicle
698.jpg,1,fire truck
1636.jpg,0,normal vehicle
1291.jpg,0,normal vehicle
2242.jpg,0,normal vehicle
1520.jpg,0,normal vehicle
1853.jpg,0,normal vehicle
1136.jpg,0,normal vehicle
2273.jpg,0,normal vehicle
1631.jpg,0,normal vehicle
1998.jpg,0,normal vehicle
663.jpg,1,police_car
683.jpg,1,fire truck
1257.jpg,0,normal vehicle
317.jpg,1,police_car
648.jpg,1,police_car
1434.jpg,0,normal vehicle
1479.jpg,0,normal vehicle
709.jpg,1,police_car
1282.jpg,0,normal vehicle
1768.jpg,0,normal vehicle
972.jpg,1,fire truck
1306.jpg,0,normal vehicle
1400.jpg,0,normal vehicle
1408.jpg,0,normal vehicle
1496.jpg,0,normal vehicle
2038.jpg,0,normal vehicle
1529.jpg,0,normal vehicle
1663.jpg,0,normal vehicle
1354.jpg,0,normal vehicle
2294.jpg,0,normal vehicle
2310.jpg,0,normal vehicle
1643.jpg,0,normal vehicle
1051.jpg,0,normal vehicle
795.jpg,1,fire truck
1597.jpg,0,normal vehicle
1819.jpg,0,normal vehicle
1722.jpg,0,normal vehicle
1183.jpg,0,normal vehicle
1059.jpg,0,normal vehicle
540.jpg,1,ambulance
1678.jpg,0,normal vehicle
1757.jpg,0,normal vehicle
1923.jpg,0,normal vehicle
95.jpg,1,police_car
1020.jpg,0,normal vehicle
563.jpg,1,fire truck
863.jpg,1,police_car
1484.jpg,0,normal vehicle
1881.jpg,0,normal vehicle
1038.jpg,0,normal vehicle
206.jpg,1,fire truck
392.jpg,1,fire truck
870.jpg,1,police_car
397.jpg,1,fire truck
2260.jpg,0,normal vehicle
1028.jpg,0,normal vehicle
1485.jpg,0,normal vehicle
960.jpg,1,ambulance
1570.jpg,0,normal vehicle
1895.jpg,0,normal vehicle
2146.jpg,0,normal vehicle
804.jpg,1,ambulance
1751.jpg,0,normal vehicle
502.jpg,1,police_car
779.jpg,1,fire truck
1863.jpg,0,normal vehicle
200.jpg,1,ambulance
2182.jpg,0,normal vehicle
2088.jpg,0,normal vehicle
1796.jpg,0,normal vehicle
378.jpg,1,police_car
418.jpg,1,fire truck
1698.jpg,0,normal vehicle
391.jpg,1,police_car
1522.jpg,0,normal vehicle
1162.jpg,0,normal vehicle
1495.jpg,0,normal vehicle
2027.jpg,0,normal vehicle
1152.jpg,0,normal vehicle
1367.jpg,0,normal vehicle
64.jpg,1,ambulance
2062.jpg,0,normal vehicle
1180.jpg,0,normal vehicle
492.jpg,1,police_car
379.jpg,1,ambulance
2235.jpg,0,normal vehicle
763.jpg,1,fire truck
2264.jpg,0,normal vehicle
791.jpg,1,ambulance
1076.jpg,0,normal vehicle
878.jpg,1,fire truck
337.jpg,1,police_car
1016.jpg,0,normal vehicle
1275.jpg,0,normal vehicle
455.jpg,1,fire truck
815.jpg,1,police_car
995.jpg,0,normal vehicle
1981.jpg,0,normal vehicle
201.jpg,1,police_car
161.jpg,1,police_car
1579.jpg,0,normal vehicle
702.jpg,1,ambulance
1500.jpg,0,normal vehicle
1129.jpg,0,normal vehicle
1021.jpg,0,normal vehicle
1585.jpg,0,normal vehicle
1955.jpg,0,normal vehicle
2253.jpg,0,normal vehicle
34.jpg,1,police_car
775.jpg,1,fire truck
1478.jpg,0,normal vehicle
1390.jpg,0,normal vehicle
2139.jpg,0,normal vehicle
1363.jpg,0,normal vehicle
2041.jpg,0,normal vehicle
241.jpg,1,fire truck
2061.jpg,0,normal vehicle
600.jpg,1,fire truck
1297.jpg,0,normal vehicle
2214.jpg,0,normal vehicle
2068.jpg,0,normal vehicle
646.jpg,1,police_car
1528.jpg,0,normal vehicle
1267.jpg,0,normal vehicle
1899.jpg,0,normal vehicle
562.jpg,1,police_car
189.jpg,1,ambulance
1806.jpg,0,normal vehicle
975.jpg,1,fire truck
2047.jpg,0,normal vehicle
1082.jpg,0,normal vehicle
474.jpg,1,police_car
747.jpg,1,ambulance
2300.jpg,0,normal vehicle
21.jpg,1,fire truck
459.jpg,1,police_car
1184.jpg,0,normal vehicle
2324.jpg,0,normal vehicle
955.jpg,1,fire truck
1215.jpg,0,normal vehicle
1515.jpg,0,normal vehicle
769.jpg,1,police_car
1685.jpg,0,normal vehicle
130.jpg,1,fire truck
2135.jpg,0,normal vehicle
1482.jpg,0,normal vehicle
330.jpg,1,police_car
1238.jpg,0,normal vehicle
466.jpg,1,ambulance
2169.jpg,0,normal vehicle
1638.jpg,0,normal vehicle
1095.jpg,0,normal vehicle
1130.jpg,0,normal vehicle
1294.jpg,0,normal vehicle
860.jpg,1,ambulance
3123.jpg,1,ambulance
3074.jpg,1,ambulance
2957.jpg,1,ambulance
2988.jpg,1,ambulance
3105.jpg,1,ambulance
3080.jpg,1,ambulance
3174.jpg,1,ambulance
3004.jpg,1,ambulance
3099.jpg,1,ambulance
3121.jpg,1,ambulance
2954.jpg,1,ambulance
3161.jpg,1,ambulance
3011.jpg,1,ambulance
2973.jpg,1,ambulance
3116.jpg,1,ambulance
2934.jpg,1,ambulance
3087.jpg,1,ambulance
2353.jpg,1,ambulance
3035.jpg,1,ambulance
2961.jpg,1,ambulance
3112.jpg,1,ambulance
3163.jpg,1,ambulance
3164.jpg,1,ambulance
2987.jpg,1,ambulance
3003.jpg,1,ambulance
2977.jpg,1,ambulance
3018.jpg,1,ambulance
3144.jpg,1,ambulance
2962.jpg,1,ambulance
3050.jpg,1,ambulance
2986.jpg,1,ambulance
3017.jpg,1,ambulance
3057.jpg,1,ambulance
3140.jpg,1,ambulance
3008.jpg,1,ambulance
2963.jpg,1,ambulance
3062.jpg,1,ambulance
3091.jpg,1,ambulance
2927.jpg,1,ambulance
3104.jpg,1,ambulance
3073.jpg,1,ambulance
3082.jpg,1,ambulance
3071.jpg,1,ambulance
2956.jpg,1,ambulance
3143.jpg,1,ambulance
2944.jpg,1,ambulance
2925.jpg,1,ambulance
3037.jpg,1,ambulance
3141.jpg,1,ambulance
3012.jpg,1,ambulance
2935.jpg,1,ambulance
3086.jpg,1,ambulance
2978.jpg,1,ambulance
2998.jpg,1,ambulance
3007.jpg,1,ambulance
3022.jpg,1,ambulance
3127.jpg,1,ambulance
3075.jpg,1,ambulance
3103.jpg,1,ambulance
2968.jpg,1,ambulance
2979.jpg,1,ambulance
2936.jpg,1,ambulance
3078.jpg,1,ambulance
3068.jpg,1,ambulance
3029.jpg,1,ambulance
3176.jpg,1,ambulance
3058.jpg,1,ambulance
3110.jpg,1,ambulance
2929.jpg,1,ambulance
2924.jpg,1,ambulance
3166.jpg,1,ambulance
3120.jpg,1,ambulance
2995.jpg,1,ambulance
3109.jpg,1,ambulance
3072.jpg,1,ambulance
2982.jpg,1,ambulance
3051.jpg,1,ambulance
2974.jpg,1,ambulance
2993.jpg,1,ambulance
3171.jpg,1,ambulance
2932.jpg,1,ambulance
3031.jpg,1,ambulance
3165.jpg,1,ambulance
2939.jpg,1,ambulance
3145.jpg,1,ambulance
3117.jpg,1,ambulance
3131.jpg,1,ambulance
2985.jpg,1,ambulance
3056.jpg,1,ambulance
3126.jpg,1,ambulance
2928.jpg,1,ambulance
3147.jpg,1,ambulance
2996.jpg,1,ambulance
3157.jpg,1,ambulance
3044.jpg,1,ambulance
3024.jpg,1,ambulance
3049.jpg,1,ambulance
3060.jpg,1,ambulance
3115.jpg,1,ambulance
3094.jpg,1,ambulance
3138.jpg,1,ambulance
2949.jpg,1,ambulance
3122.jpg,1,ambulance
2976.jpg,1,ambulance
2981.jpg,1,ambulance
3102.jpg,1,ambulance
2991.jpg,1,ambulance
3113.jpg,1,ambulance
3119.jpg,1,ambulance
3129.jpg,1,ambulance
2960.jpg,1,ambulance
2946.jpg,1,ambulance
3136.jpg,1,ambulance
3170.jpg,1,ambulance
2352.jpg,1,ambulance
3098.jpg,1,ambulance
2933.jpg,1,ambulance
2959.jpg,1,ambulance
3172.jpg,1,ambulance
2970.jpg,1,ambulance
3041.jpg,1,ambulance
3153.jpg,1,ambulance
3169.jpg,1,ambulance
3065.jpg,1,ambulance
3061.jpg,1,ambulance
2930.jpg,1,ambulance
3124.jpg,1,ambulance
3158.jpg,1,ambulance
3160.jpg,1,ambulance
2972.jpg,1,ambulance
3108.jpg,1,ambulance
3000.jpg,1,ambulance
3134.jpg,1,ambulance
3039.jpg,1,ambulance
3048.jpg,1,ambulance
3114.jpg,1,ambulance
2964.jpg,1,ambulance
3081.jpg,1,ambulance
3150.jpg,1,ambulance
2953.jpg,1,ambulance
3090.jpg,1,ambulance
2997.jpg,1,ambulance
3010.jpg,1,ambulance
3148.jpg,1,ambulance
3064.jpg,1,ambulance
3133.jpg,1,ambulance
3155.jpg,1,ambulance
2965.jpg,1,ambulance
3139.jpg,1,ambulance
3009.jpg,1,ambulance
2942.jpg,1,ambulance
2938.jpg,1,ambulance
3151.jpg,1,ambulance
3152.jpg,1,ambulance
3125.jpg,1,ambulance
2967.jpg,1,ambulance
3042.jpg,1,ambulance
3052.jpg,1,ambulance
3030.jpg,1,ambulance
3034.jpg,1,ambulance
3070.jpg,1,ambulance
3083.jpg,1,ambulance
2990.jpg,1,ambulance
3107.jpg,1,ambulance
3137.jpg,1,ambulance
3027.jpg,1,ambulance
2994.jpg,1,ambulance
3043.jpg,1,ambulance
3013.jpg,1,ambulance
3067.jpg,1,ambulance
3014.jpg,1,ambulance
3053.jpg,1,ambulance
2992.jpg,1,ambulance
3046.jpg,1,ambulance
3128.jpg,1,ambulance
3055.jpg,1,ambulance
3002.jpg,1,ambulance
3154.jpg,1,ambulance
2943.jpg,1,ambulance
3023.jpg,1,ambulance
3146.jpg,1,ambulance
3101.jpg,1,ambulance
3066.jpg,1,ambulance
3021.jpg,1,ambulance
3085.jpg,1,ambulance
3054.jpg,1,ambulance
3047.jpg,1,ambulance
3093.jpg,1,ambulance
3092.jpg,1,ambulance
2969.jpg,1,ambulance
3006.jpg,1,ambulance
3100.jpg,1,ambulance
3106.jpg,1,ambulance
3095.jpg,1,ambulance
2951.jpg,1,ambulance
3045.jpg,1,ambulance
3096.jpg,1,ambulance
3026.jpg,1,ambulance
2941.jpg,1,ambulance
2937.jpg,1,ambulance
3084.jpg,1,ambulance
3088.jpg,1,ambulance
2947.jpg,1,ambulance
2940.jpg,1,ambulance
3059.jpg,1,ambulance
3005.jpg,1,ambulance
3036.jpg,1,ambulance
2950.jpg,1,ambulance
3076.jpg,1,ambulance
2966.jpg,1,ambulance
2931.jpg,1,ambulance
3111.jpg,1,ambulance
3097.jpg,1,ambulance
2975.jpg,1,ambulance
3032.jpg,1,ambulance
3132.jpg,1,ambulance
2945.jpg,1,ambulance
3089.jpg,1,ambulance
2980.jpg,1,ambulance
2983.jpg,1,ambulance
3079.jpg,1,ambulance
3167.jpg,1,ambulance
3015.jpg,1,ambulance
2971.jpg,1,ambulance
3033.jpg,1,ambulance
3173.jpg,1,ambulance
2952.jpg,1,ambulance
3028.jpg,1,ambulance
3156.jpg,1,ambulance
3135.jpg,1,ambulance
3162.jpg,1,ambulance
3142.jpg,1,ambulance
2999.jpg,1,ambulance
3149.jpg,1,ambulance
2955.jpg,1,ambulance
3040.jpg,1,ambulance
2989.jpg,1,ambulance
2958.jpg,1,ambulance
3019.jpg,1,ambulance
3159.jpg,1,ambulance
3020.jpg,1,ambulance
3077.jpg,1,ambulance
2948.jpg,1,ambulance
3025.jpg,1,ambulance
3016.jpg,1,ambulance
3038.jpg,1,ambulance
3130.jpg,1,ambulance
3063.jpg,1,ambulance
3118.jpg,1,ambulance
2984.jpg,1,ambulance
2926.jpg,1,ambulance
3001.jpg,1,ambulance
3168.jpg,1,ambulance
3069.jpg,1,ambulance
3175.jpg,1,ambulance
3181.jpg,1,fire truck
3182.jpg,1,fire truck
3183.jpg,1,fire truck
3184.jpg,1,fire truck
3185.jpg,1,fire truck
3186.jpg,1,fire truck
3187.jpg,1,fire truck
3188.jpg,1,fire truck
3189.jpg,1,fire truck
3190.jpg,1,fire truck
3191.jpg,1,fire truck
3192.jpg,1,fire truck
3193.jpg,1,fire truck
3194.jpg,1,fire truck
3195.jpg,1,fire truck
3196.jpg,1,fire truck
3197.jpg,1,fire truck
3198.jpg,1,fire truck
3199.jpg,1,fire truck
3200.jpg,1,fire truck
3201.jpg,1,fire truck
3202.jpg,1,fire truck
3203.jpg,1,fire truck
3204.jpg,1,fire truck
3205.jpg,1,fire truck
3206.jpg,1,fire truck
3207.jpg,1,fire truck
3208.jpg,1,fire truck
3209.jpg,1,fire truck
3210.jpg,1,fire truck
3211.jpg,1,fire truck
3212.jpg,1,fire truck
3213.jpg,1,fire truck
3214.jpg,1,fire truck
3215.jpg,1,fire truck
3216.jpg,1,fire truck
3217.jpg,1,fire truck
3218.jpg,1,fire truck
3219.jpg,1,fire truck
3220.jpg,1,fire truck
3221.jpg,1,fire truck
3222.jpg,1,fire truck
3223.jpg,1,fire truck
3224.jpg,1,fire truck
3225.jpg,1,fire truck
3226.jpg,1,fire truck
3227.jpg,1,fire truck
3228.jpg,1,fire truck
3229.jpg,1,fire truck
3230.jpg,1,fire truck
3231.jpg,1,fire truck
3232.jpg,1,fire truck
3233.jpg,1,fire truck
3234.jpg,1,fire truck
3235.jpg,1,fire truck
3236.jpg,1,fire truck
3237.jpg,1,fire truck
3238.jpg,1,fire truck
3239.jpg,1,fire truck
3240.jpg,1,fire truck
3241.jpg,1,fire truck
3242.jpg,1,fire truck
3243.jpg,1,fire truck
3244.jpg,1,fire truck
3245.jpg,1,fire truck
3246.jpg,1,fire truck
3247.jpg,1,fire truck
3248.jpg,1,fire truck
3249.jpg,1,fire truck
3250.jpg,1,fire truck
3251.jpg,1,fire truck
3252.jpg,1,fire truck
3253.jpg,1,fire truck
3254.jpg,1,fire truck
3255.jpg,1,fire truck
3256.jpg,1,fire truck
3257.jpg,1,fire truck
3258.jpg,1,fire truck
3259.jpg,1,fire truck
3260.jpg,1,fire truck
3261.jpg,1,fire truck
3262.jpg,1,fire truck
3263.jpg,1,fire truck
3264.jpg,1,fire truck
3265.jpg,1,fire truck
3266.jpg,1,fire truck
3267.jpg,1,fire truck
3268.jpg,1,fire truck
3269.jpg,1,fire truck
3270.jpg,1,fire truck
3271.jpg,1,fire truck
3272.jpg,1,fire truck
3273.jpg,1,fire truck
3274.jpg,1,fire truck
3275.jpg,1,fire truck
3276.jpg,1,fire truck
3277.jpg,1,fire truck
3278.jpg,1,fire truck
3279.jpg,1,fire truck
3280.jpg,1,fire truck
3281.jpg,1,fire truck
3282.jpg,1,fire truck
3283.jpg,1,fire truck
3284.jpg,1,fire truck
3285.jpg,1,fire truck
3286.jpg,1,fire truck
3287.jpg,1,fire truck
3288.jpg,1,fire truck
3289.jpg,1,fire truck
3290.jpg,1,fire truck
3291.jpg,1,fire truck
3292.jpg,1,fire truck
3293.jpg,1,fire truck
3294.jpg,1,fire truck
3295.jpg,1,fire truck
3296.jpg,1,fire truck
3297.jpg,1,fire truck
3298.jpg,1,fire truck
3299.jpg,1,fire truck
3300.jpg,1,fire truck
3301.jpg,1,fire truck
3302.jpg,1,fire truck
3303.jpg,1,fire truck
3304.jpg,1,fire truck
3305.jpg,1,fire truck
3306.jpg,1,fire truck
3307.jpg,1,fire truck
3308.jpg,1,fire truck
3309.jpg,1,fire truck
3310.jpg,1,fire truck
3311.jpg,1,fire truck
3312.jpg,1,fire truck
3313.jpg,1,fire truck
3314.jpg,1,fire truck
3315.jpg,1,fire truck
3316.jpg,1,fire truck
3317.jpg,1,fire truck
3318.jpg,1,fire truck
3319.jpg,1,fire truck
3320.jpg,1,fire truck
3321.jpg,1,fire truck
3322.jpg,1,fire truck
3323.jpg,1,fire truck
3324.jpg,1,fire truck
3325.jpg,1,fire truck
3326.jpg,1,fire truck
3328.jpg,1,fire truck
 03890.jpeg,1,police_car
 03469.jpeg,1,police_car
 03668.jpg,1,police_car
 03605.jpeg,1,police_car
 03697.jpg,1,police_car
 03873.jpg,1,police_car
 03740.jpeg,1,police_car
 03330.jpg,1,police_car
 03594.jpeg,1,police_car
 03442.jpg,1,police_car
 03828.jpeg,1,police_car
 03652.jpeg,1,police_car
 03522.jpg,1,police_car
 03582.jpeg,1,police_car
 03536.jpg,1,police_car
 03428.jpeg,1,police_car
 03720.jpg,1,police_car
 03886.jpeg,1,police_car
 03913.jpg,1,police_car
 03812.jpeg,1,police_car
 03687.jpeg,1,police_car
 03721.jpg,1,police_car
 03900.jpeg,1,police_car
 03453.jpeg,1,police_car
 03523.jpg,1,police_car
 03853.jpeg,1,police_car
 03500.jpeg,1,police_car
 03445.jpeg,1,police_car
 03443.jpg,1,police_car
 03783.jpeg,1,police_car
 03331.jpg,1,police_car
 03629.jpeg,1,police_car
 03557.jpeg,1,police_car
 03804.jpeg,1,police_car
 03872.jpg,1,police_car
 03696.jpg,1,police_car
 03691.jpeg,1,police_car
 03669.jpg,1,police_car
 03643.jpg,1,police_car
 03609.jpeg,1,police_car
 03694.jpg,1,police_car
 03870.jpg,1,police_car
 03441.jpg,1,police_car
 03333.jpg,1,police_car
 03598.jpeg,1,police_car
 03432.jpeg,1,police_car
 03824.jpeg,1,police_car
 03535.jpg,1,police_car
 03521.jpg,1,police_car
 03509.jpg,1,police_car
 03424.jpeg,1,police_car
 03832.jpeg,1,police_car
 03561.jpeg,1,police_car
 03723.jpg,1,police_car
 03938.jpg,1,police_car
 03473.jpeg,1,police_car
 03865.jpeg,1,police_car
 03939.jpg,1,police_car
 03722.jpg,1,police_car
 03633.jpeg,1,police_car
 03508.jpg,1,police_car
 03520.jpg,1,police_car
 03534.jpg,1,police_car
 03760.jpeg,1,police_car
 03625.jpeg,1,police_car
 03468.jpg,1,police_car
 03332.jpg,1,police_car
 03440.jpg,1,police_car
 03449.jpeg,1,police_car
 03871.jpg,1,police_car
 03737.jpeg,1,police_car
 03695.jpg,1,police_car
 03672.jpeg,1,police_car
 03808.jpeg,1,police_car
 03642.jpg,1,police_car
 03809.jpeg,1,police_car
 03646.jpg,1,police_car
 03366.jpeg,1,police_car
 03736.jpeg,1,police_car
 03875.jpg,1,police_car
 03849.jpg,1,police_car
 03389.jpeg,1,police_car
 03673.jpeg,1,police_car
 03444.jpg,1,police_car
 03448.jpeg,1,police_car
 03336.jpg,1,police_car
 03761.jpeg,1,police_car
 03624.jpeg,1,police_car
 03487.jpg,1,police_car
 03518.jpg,1,police_car
 03530.jpg,1,police_car
 03524.jpg,1,police_car
 03777.jpeg,1,police_car
 03632.jpeg,1,police_car
 03726.jpg,1,police_car
 03915.jpg,1,police_car
 03929.jpg,1,police_car
 03928.jpg,1,police_car
 03472.jpeg,1,police_car
 03537.jpeg,1,police_car
 03864.jpeg,1,police_car
 03914.jpg,1,police_car
 03425.jpeg,1,police_car
 03833.jpeg,1,police_car
 03560.jpeg,1,police_car
 03519.jpg,1,police_car
 03599.jpeg,1,police_car
 03433.jpeg,1,police_car
 03486.jpg,1,police_car
 03825.jpeg,1,police_car
 03337.jpg,1,police_car
 03464.jpeg,1,police_car
 03848.jpg,1,police_car
 03874.jpg,1,police_car
 03647.jpg,1,police_car
 03608.jpeg,1,police_car
 03690.jpeg,1,police_car
 03651.jpg,1,police_car
 03645.jpg,1,police_car
 03876.jpg,1,police_car
 03556.jpeg,1,police_car
 03805.jpeg,1,police_car
 03692.jpg,1,police_car
 03335.jpg,1,police_car
 03782.jpeg,1,police_car
 03628.jpeg,1,police_car
 03852.jpeg,1,police_car
 03501.jpeg,1,police_car
 03490.jpg,1,police_car
 03484.jpg,1,police_car
 03527.jpg,1,police_car
 03533.jpg,1,police_car
 03901.jpeg,1,police_car
 03452.jpeg,1,police_car
 03719.jpg,1,police_car
 03686.jpeg,1,police_car
 03725.jpg,1,police_car
 03916.jpg,1,police_car
 03917.jpg,1,police_car
 03887.jpeg,1,police_car
 03718.jpg,1,police_car
 03532.jpg,1,police_car
 03583.jpeg,1,police_car
 03526.jpg,1,police_car
 03429.jpeg,1,police_car
 03485.jpg,1,police_car
 03491.jpg,1,police_car
 03653.jpeg,1,police_car
 03346.jpeg,1,police_car
 03595.jpeg,1,police_car
 03334.jpg,1,police_car
 03829.jpeg,1,police_car
 03604.jpeg,1,police_car
 03693.jpg,1,police_car
 03863.jpg,1,police_car
 03877.jpg,1,police_car
 03741.jpeg,1,police_car
 03891.jpeg,1,police_car
 03644.jpg,1,police_car
 03650.jpg,1,police_car
 03353.jpg,1,police_car
 03421.jpg,1,police_car
 03658.jpeg,1,police_car
 03347.jpg,1,police_car
 03409.jpg,1,police_car
 03434.jpeg,1,police_car
 03384.jpg,1,police_car
 03822.jpeg,1,police_car
 03541.jpg,1,police_car
 03569.jpg,1,police_car
 03834.jpeg,1,police_car
 03757.jpg,1,police_car
 04004.jpg,1,police_car
 03958.jpg,1,police_car
 03475.jpeg,1,police_car
 03794.jpg,1,police_car
 03964.jpg,1,police_car
 03970.jpg,1,police_car
 03727.jpeg,1,police_car
 03377.jpeg,1,police_car
 03971.jpg,1,police_car
 03965.jpg,1,police_car
 03795.jpg,1,police_car
 03959.jpg,1,police_car
 04005.jpg,1,police_car
 03756.jpg,1,police_car
 03770.jpeg,1,police_car
 03635.jpeg,1,police_car
 03540.jpg,1,police_car
 03385.jpg,1,police_car
 03391.jpg,1,police_car
 03623.jpeg,1,police_car
 03789.jpeg,1,police_car
 03859.jpeg,1,police_car
 03408.jpg,1,police_car
 03420.jpg,1,police_car
 03352.jpg,1,police_car
 03361.jpeg,1,police_car
 03731.jpeg,1,police_car
 03674.jpeg,1,police_car
 03620.jpg,1,police_car
 03896.jpeg,1,police_car
 03480.jpeg,1,police_car
 03603.jpeg,1,police_car
 03813.jpg,1,police_car
 03422.jpg,1,police_car
 03350.jpg,1,police_car
 03387.jpg,1,police_car
 03654.jpeg,1,police_car
 03393.jpg,1,police_car
 03711.jpeg,1,police_car
 03542.jpg,1,police_car
 03838.jpeg,1,police_car
 03581.jpg,1,police_car
 03707.jpeg,1,police_car
 03357.jpeg,1,police_car
 03880.jpeg,1,police_car
 03754.jpg,1,police_car
 03479.jpeg,1,police_car
 03998.jpg,1,police_car
 03496.jpeg,1,police_car
 03797.jpg,1,police_car
 03615.jpeg,1,police_car
 03973.jpg,1,police_car
 03967.jpg,1,police_car
 03966.jpg,1,police_car
 03972.jpg,1,police_car
 03796.jpg,1,police_car
 03681.jpeg,1,police_car
 03999.jpg,1,police_car
 03755.jpg,1,police_car
 03455.jpeg,1,police_car
 03906.jpeg,1,police_car
 03543.jpg,1,police_car
 03639.jpeg,1,police_car
 03793.jpeg,1,police_car
 03506.jpeg,1,police_car
 03855.jpeg,1,police_car
 03392.jpg,1,police_car
 03910.jpeg,1,police_car
 03386.jpg,1,police_car
 03785.jpeg,1,police_car
 03351.jpg,1,police_car
 03802.jpeg,1,police_car
 03551.jpeg,1,police_car
 03621.jpg,1,police_car
 03382.jpeg,1,police_car
 03678.jpeg,1,police_car
 03619.jpg,1,police_car
 03383.jpeg,1,police_car
 03679.jpeg,1,police_car
 03803.jpeg,1,police_car
 03816.jpg,1,police_car
 03550.jpeg,1,police_car
 03369.jpg,1,police_car
 03784.jpeg,1,police_car
 03341.jpg,1,police_car
 03355.jpg,1,police_car
 03854.jpeg,1,police_car
 03911.jpeg,1,police_car
 03396.jpg,1,police_car
 03638.jpeg,1,police_car
 03792.jpeg,1,police_car
 03547.jpg,1,police_car
 03590.jpg,1,police_car
 03454.jpeg,1,police_car
 03907.jpeg,1,police_car
 03584.jpg,1,police_car
 04002.jpg,1,police_car
 03680.jpeg,1,police_car
 03751.jpg,1,police_car
 03989.jpg,1,police_car
 03745.jpg,1,police_car
 03976.jpg,1,police_car
 03962.jpg,1,police_car
 03963.jpg,1,police_car
 03977.jpg,1,police_car
 03881.jpeg,1,police_car
 03478.jpeg,1,police_car
 03988.jpg,1,police_car
 03750.jpg,1,police_car
 03497.jpeg,1,police_car
 04003.jpg,1,police_car
 03585.JPG,1,police_car
 03591.jpg,1,police_car
 03706.jpeg,1,police_car
 03546.jpg,1,police_car
 03839.jpeg,1,police_car
 03397.jpg,1,police_car
 03655.jpeg,1,police_car
 03710.jpeg,1,police_car
 03354.jpg,1,police_car
 03340.jpg,1,police_car
 03368.jpg,1,police_car
 03602.jpeg,1,police_car
 03747.jpeg,1,police_car
 03817.jpg,1,police_car
 03897.jpeg,1,police_car
 03481.jpeg,1,police_car
 03618.jpg,1,police_car
 03815.jpg,1,police_car
 03360.jpeg,1,police_car
 03801.jpg,1,police_car
 03730.jpeg,1,police_car
 03675.jpeg,1,police_car
 03858.jpeg,1,police_car
 03418.jpg,1,police_car
 03356.jpg,1,police_car
 03395.jpg,1,police_car
 03622.jpeg,1,police_car
 03788.jpeg,1,police_car
 03578.jpg,1,police_car
 03544.jpg,1,police_car
 03458.jpeg,1,police_car
 03634.jpeg,1,police_car
 03593.jpg,1,police_car
 03819.jpeg,1,police_car
 04001.jpg,1,police_car
 03746.jpg,1,police_car
 03752.jpg,1,police_car
 03961.jpg,1,police_car
 03376.jpeg,1,police_car
 03975.jpg,1,police_car
 03949.jpg,1,police_car
 03948.jpg,1,police_car
 03474.jpeg,1,police_car
 03974.jpg,1,police_car
 03862.jpeg,1,police_car
 03531.jpeg,1,police_car
 03960.jpg,1,police_car
 03753.jpg,1,police_car
 04000.jpg,1,police_car
 03592.jpg,1,police_car
 03586.jpg,1,police_car
 03423.jpeg,1,police_car
 03566.jpeg,1,police_car
 03835.jpeg,1,police_car
 03545.jpg,1,police_car
 03579.jpg,1,police_car
 03435.jpeg,1,police_car
 03394.jpg,1,police_car
 03823.jpeg,1,police_car
 03659.jpeg,1,police_car
 03419.jpg,1,police_car
 03800.jpg,1,police_car
 03814.jpg,1,police_car
 03616.jpg,1,police_car
 03676.jpeg,1,police_car
 03363.jpeg,1,police_car
 03733.jpeg,1,police_car
 03372.jpg,1,police_car
 03414.jpg,1,police_car
 03400.jpg,1,police_car
 03764.jpeg,1,police_car
 03399.jpg,1,police_car
 03574.jpg,1,police_car
 03908.jpeg,1,police_car
 03548.jpg,1,police_car
 03637.jpeg,1,police_car
 03776.jpg,1,police_car
 03986.jpg,1,police_car
 03992.jpg,1,police_car
 03979.jpg,1,police_car
 03660.jpeg,1,police_car
 03945.jpg,1,police_car
 03951.jpg,1,police_car
 03375.jpeg,1,police_car
 03498.jpeg,1,police_car
 03950.jpg,1,police_car
 03944.jpg,1,police_car
 03861.jpeg,1,police_car
 03978.jpg,1,police_car
 03477.jpeg,1,police_car
 03993.jpg,1,police_car
 03987.jpg,1,police_car
 03836.jpeg,1,police_car
 03565.jpeg,1,police_car
 03359.jpeg,1,police_car
 03549.jpg,1,police_car
 03709.jpeg,1,police_car
 03573.jpeg,1,police_car
 03398.jpg,1,police_car
 03436.jpeg,1,police_car
 03401.jpg,1,police_car
 03367.jpg,1,police_car
 03415.jpg,1,police_car
 03818.jpg,1,police_car
 03898.jpeg,1,police_car
 03617.jpg,1,police_car
 03380.jpeg,1,police_car
 03553.jpeg,1,police_car
 03403.jpg,1,police_car
 03417.jpg,1,police_car
 03787.jpeg,1,police_car
 03371.jpg,1,police_car
 03768.jpeg,1,police_car
 03912.jpeg,1,police_car
 03857.jpeg,1,police_car
 03504.jpeg,1,police_car
 03791.jpeg,1,police_car
 03577.jpg,1,police_car
 03904.jpeg,1,police_car
 03457.jpeg,1,police_car
 03588.jpg,1,police_car
 03841.jpeg,1,police_car
 03775.jpg,1,police_car
 03683.jpeg,1,police_car
 03749.jpg,1,police_car
 03379.jpeg,1,police_car
 03991.jpg,1,police_car
 03729.jpeg,1,police_car
 03985.jpg,1,police_car
 03952.jpg,1,police_car
 03946.jpg,1,police_car
 03947.jpg,1,police_car
 03953.jpg,1,police_car
 03984.jpg,1,police_car
 03990.jpg,1,police_car
 03748.jpg,1,police_car
 03494.jpeg,1,police_car
 03882.jpeg,1,police_car
 03774.jpg,1,police_car
 03705.jpeg,1,police_car
 03589.jpg,1,police_car
 03640.jpeg,1,police_car
 03576.jpg,1,police_car
 03343.jpeg,1,police_car
 03713.jpeg,1,police_car
 03667.jpg.jpg,1,police_car
 03656.jpeg,1,police_car
 03416.jpg,1,police_car
 03370.jpg,1,police_car
 03402.jpg,1,police_car
 03744.jpeg,1,police_car
 03601.jpeg,1,police_car
 03482.jpeg,1,police_car
 03614.jpg,1,police_car
 03483.jpeg,1,police_car
 03895.jpeg,1,police_car
 03600.jpeg,1,police_car
 03348.jpg,1,police_car
 03406.jpg,1,police_car
 03412.jpg,1,police_car
 03342.jpeg,1,police_car
 03712.jpeg,1,police_car
 03657.jpeg,1,police_car
 03568.jpeg,1,police_car
 03572.jpg,1,police_car
 03587.jpeg,1,police_car
 03704.jpeg,1,police_car
 03641.jpeg,1,police_car
 03994.jpg,1,police_car
 03980.jpg,1,police_car
 03495.jpeg,1,police_car
 03883.jpeg,1,police_car
 03957.jpg,1,police_car
 03943.jpg,1,police_car
 03942.jpg,1,police_car
 03956.jpg,1,police_car
 03771.jpg,1,police_car
 03682.jpeg,1,police_car
 03981.jpg,1,police_car
 03378.jpeg,1,police_car
 03728.jpeg,1,police_car
 03995.jpg,1,police_car
 03905.jpeg,1,police_car
 03456.jpeg,1,police_car
 03790.jpeg,1,police_car
 03567.jpg,1,police_car
 03856.jpeg,1,police_car
 03505.jpeg,1,police_car
 03413.jpg,1,police_car
 03407.jpg,1,police_car
 03786.jpeg,1,police_car
 03349.jpg,1,police_car
 03339.jpeg,1,police_car
 03769.jpeg,1,police_car
 03552.jpeg,1,police_car
 03381.jpeg,1,police_car
 03613.jpg,1,police_car
 03820.jpg,1,police_car
 03525.jpeg,1,police_car
 03899.jpeg,1,police_car
 03439.jpg,1,police_car
 03411.jpg,1,police_car
 03405.jpg,1,police_car
 03388.jpg,1,police_car
 03821.jpeg,1,police_car
 03437.jpeg,1,police_car
 03358.jpeg,1,police_car
 03708.jpeg,1,police_car
 03571.jpg,1,police_car
 03837.jpeg,1,police_car
 03564.jpeg,1,police_car
 03983.jpg,1,police_car
 03997.jpg,1,police_car
 03767.jpg,1,police_car
 03773.jpg,1,police_car
 03499.jpeg,1,police_car
 03940.jpg,1,police_car
 03798.jpg,1,police_car
 03954.jpg,1,police_car
 03860.jpeg,1,police_car
 03968.jpg,1,police_car
 03476.jpeg,1,police_car
 03969.jpg,1,police_car
 03955.jpg,1,police_car
 03724.jpeg,1,police_car
 03799.jpg,1,police_car
 03374.jpeg,1,police_car
 03941.jpg,1,police_car
 03772.jpg,1,police_car
 03766.jpg,1,police_car
 03996.jpg,1,police_car
 03982.jpg,1,police_car
 03636.jpeg,1,police_car
 03570.jpg,1,police_car
 03909.jpeg,1,police_car
 03765.jpeg,1,police_car
 03404.jpg,1,police_car
 03410.jpg,1,police_car
 03438.jpg,1,police_car
 03677.jpeg,1,police_car
 03362.jpeg,1,police_car
 03732.jpeg,1,police_car
 03612.jpg,1,police_car
 03661.jpg,1,police_car
 03739.jpeg,1,police_car
 03649.jpg,1,police_car
 03806.jpeg,1,police_car
 03846.jpg,1,police_car
 03555.jpeg,1,police_car
 03781.jpeg,1,police_car
 03463.jpg,1,police_car
 03447.jpeg,1,police_car
 03488.jpg,1,police_car
 03851.jpeg,1,police_car
 03503.jpg,1,police_car
 03517.jpg,1,police_car
 03778.jpeg,1,police_car
 03451.jpeg,1,police_car
 03902.jpeg,1,police_car
 03847.jpeg,1,police_car
 03701.jpg,1,police_car
 03390.jpeg,1,police_car
 03715.jpg,1,police_car
 03685.jpeg,1,police_car
 03926.jpg,1,police_car
 03932.jpg,1,police_car
 03810.jpeg,1,police_car
 03933.jpg,1,police_car
 03927.jpg,1,police_car
 03611.jpeg,1,police_car
 03492.jpeg,1,police_car
 03714.jpg,1,police_car
 03884.jpeg,1,police_car
 03700.jpg,1,police_car
 03703.jpeg,1,police_car
 03580.jpeg,1,police_car
 03516.jpg,1,police_car
 03502.jpg,1,police_car
 03489.jpg,1,police_car
 03345.jpeg,1,police_car
 03338.jpg,1,police_car
 03462.jpg,1,police_car
 03596.jpeg,1,police_car
 03742.jpeg,1,police_car
 03607.jpeg,1,police_car
 03648.jpg,1,police_car
 03892.jpeg,1,police_car
 03662.jpg,1,police_car
 03559.jpeg,1,police_car
 03879.jpg,1,police_car
 03845.jpg,1,police_car
 03365.jpeg,1,police_car
 03735.jpeg,1,police_car
 03460.jpg,1,police_car
 03627.jpeg,1,police_car
 03762.jpeg,1,police_car
 03514.jpg,1,police_car
 03528.jpg,1,police_car
 03631.jpeg,1,police_car
 03716.jpg,1,police_car
 03919.jpg,1,police_car
 03689.jpeg,1,police_car
 03931.jpg,1,police_car
 03373.jpeg,1,police_car
 03925.jpg,1,police_car
 03867.jpeg,1,police_car
 03924.jpg,1,police_car
 03930.jpg,1,police_car
 03918.jpg,1,police_car
 03471.jpeg,1,police_car
 03888.jpeg,1,police_car
 03758.jpeg,1,police_car
 03717.jpg,1,police_car
 03563.jpeg,1,police_car
 03830.jpeg,1,police_car
 03426.jpeg,1,police_car
 03529.jpg,1,police_car
 03515.jpg,1,police_car
 03826.jpeg,1,police_car
 03575.jpeg,1,police_car
 03430.jpeg,1,police_car
 03461.jpg,1,police_car
 03844.jpg,1,police_car
 03878.jpg,1,police_car
 03663.jpg,1,police_car
 03698.jpg,1,police_car
 03840.jpg,1,police_car
 03868.jpg,1,police_car
 03459.jpg,1,police_car
 03465.jpg,1,police_car
 03827.jpeg,1,police_car
 03431.jpeg,1,police_car
 03539.jpg,1,police_car
 03511.jpg,1,police_car
 03562.jpeg,1,police_car
 03831.jpeg,1,police_car
 03427.jpeg,1,police_car
 03759.jpeg,1,police_car
 03866.jpeg,1,police_car
 03934.jpg,1,police_car
 03920.jpg,1,police_car
 03470.jpeg,1,police_car
 03889.jpeg,1,police_car
 03688.jpeg,1,police_car
 03921.jpg,1,police_car
 03935.jpg,1,police_car
 03630.jpeg,1,police_car
 03510.jpg,1,police_car
 03538.jpg,1,police_car
 03626.jpeg,1,police_car
 03763.jpeg,1,police_car
 03869.jpg,1,police_car
 03699.jpg,1,police_car
 03364.jpeg,1,police_car
 03734.jpeg,1,police_car
 03666.jpg,1,police_car
 03558.jpeg,1,police_car
 03894.jpg,1,police_car
 03670.jpg,1,police_car
 03893.jpeg,1,police_car
 03664.jpg,1,police_car
 03743.jpeg,1,police_car
 03843.jpg,1,police_car
 03606.jpeg,1,police_car
 03466.jpg,1,police_car
 03597.jpeg,1,police_car
 03344.jpeg,1,police_car
 03512.jpg,1,police_car
 03702.jpeg,1,police_car
 03493.jpeg,1,police_car
 03885.jpeg,1,police_car
 03923.jpg,1,police_car
 03937.jpg,1,police_car
 03610.jpeg,1,police_car
 03936.jpg,1,police_car
 03922.jpg,1,police_car
 03811.jpeg,1,police_car
 03684.jpeg,1,police_car
 03450.jpeg,1,police_car
 03903.jpeg,1,police_car
 03513.jpg,1,police_car
 03779.jpeg,1,police_car
 03446.jpeg,1,police_car
 03850.jpeg,1,police_car
 03780.jpeg,1,police_car
 03467.jpg,1,police_car
 03329.jpg,1,police_car
 03807.jpeg,1,police_car
 03842.jpg,1,police_car
 03554.jpeg,1,police_car
 03665.jpg,1,police_car
 03671.jpg,1,police_car
 03738.jpeg,1,police_car
3329.jpg,1,ambulance
3330.jpg,1,ambulance
3331.jpg,1,ambulance
3332.jpg,1,ambulance
3333.jpg,1,ambulance
3334.jpg,1,ambulance
3335.jpg,1,ambulance
3336.jpg,1,ambulance
3337.jpg,1,ambulance
3338.jpg,1,ambulance
3339.jpg,1,ambulance
3340.jpg,1,ambulance
3341.jpg,1,ambulance
3342.jpg,1,ambulance
3343.jpg,1,ambulance
3344.jpg,1,ambulance
3345.jpg,1,ambulance
3346.jpg,1,ambulance
3347.jpg,1,ambulance
3348.jpg,1,ambulance
3349.jpg,1,ambulance
3350.jpg,1,ambulance
3351.jpg,1,ambulance
3352.jpg,1,ambulance
3353.jpg,1,ambulance
3354.jpg,1,ambulance
3355.jpg,1,ambulance
3356.jpg,1,ambulance
3357.jpg,1,ambulance
3358.jpg,1,ambulance
3359.jpg,1,ambulance
3360.jpg,1,ambulance
3361.jpg,1,ambulance
3362.jpg,1,ambulance
3363.jpg,1,ambulance
3364.jpg,1,ambulance
3365.jpg,1,ambulance
3366.jpg,1,ambulance
3367.jpg,1,ambulance
3368.jpg,1,ambulance
3369.jpg,1,ambulance
3370.jpg,1,ambulance
3371.jpg,1,ambulance
3372.jpg,1,ambulance
3373.jpg,1,ambulance
3374.jpg,1,ambulance
3375.jpg,1,ambulance
3376.jpg,1,ambulance
3377.jpg,1,ambulance
3378.jpg,1,ambulance
3379.jpg,1,ambulance
3380.jpg,1,ambulance
3381.jpg,1,ambulance
3382.jpg,1,ambulance
3383.jpg,1,ambulance
3384.jpg,1,ambulance
3385.jpg,1,ambulance
3386.jpg,1,ambulance
3387.jpg,1,ambulance
3388.jpg,1,ambulance
3389.jpg,1,ambulance
3390.jpg,1,ambulance
3391.jpg,1,ambulance
3392.jpg,1,ambulance
3393.jpg,1,ambulance
3394.jpg,1,ambulance
3395.jpg,1,ambulance
3396.jpg,1,ambulance
3397.jpg,1,ambulance
3398.jpg,1,ambulance
3399.jpg,1,ambulance
3400.jpg,1,ambulance
3401.jpg,1,ambulance
3402.jpg,1,ambulance
3403.jpg,1,ambulance
3404.jpg,1,ambulance
3405.jpg,1,ambulance
3406.jpg,1,ambulance
3407.jpg,1,ambulance
3408.jpg,1,ambulance
3409.jpg,1,ambulance
3410.jpg,1,ambulance
3411.jpg,1,ambulance
3412.jpg,1,ambulance
3413.jpg,1,ambulance
3414.jpg,1,ambulance
3415.jpg,1,ambulance
3416.jpg,1,ambulance
3417.jpg,1,ambulance
3418.jpg,1,ambulance
3419.jpg,1,ambulance
3420.jpg,1,ambulance
3421.jpg,1,ambulance
3422.jpg,1,ambulance
3423.jpg,1,ambulance
3424.jpg,1,ambulance
3425.jpg,1,ambulance
3426.jpg,1,ambulance
3427.jpg,1,ambulance
3428.jpg,1,ambulance
3429.jpg,1,ambulance
3430.jpg,1,ambulance
3431.jpg,1,ambulance
3432.jpg,1,ambulance
3433.jpg,1,ambulance
3434.jpg,1,ambulance
3435.jpg,1,ambulance
3436.jpg,1,ambulance
3437.jpg,1,ambulance
3438.jpg,1,ambulance
3439.jpg,1,ambulance
3440.jpg,1,ambulance
3441.jpg,1,ambulance
3442.jpg,1,ambulance
3443.jpg,1,ambulance
3444.jpg,1,ambulance
3445.jpg,1,ambulance
3446.jpg,1,ambulance
3447.jpg,1,ambulance
3448.jpg,1,ambulance
3449.jpg,1,ambulance
3450.jpg,1,ambulance
3451.jpg,1,ambulance
3452.jpg,1,ambulance
3453.jpg,1,ambulance
3454.jpg,1,ambulance
3455.jpg,1,ambulance
3456.jpg,1,ambulance
3457.jpg,1,ambulance
3458.jpg,1,ambulance
3459.jpg,1,ambulance
3460.jpg,1,ambulance
3461.jpg,1,ambulance
3462.jpg,1,ambulance
3463.jpg,1,ambulance
3464.jpg,1,ambulance
3465.jpg,1,ambulance
3466.jpg,1,ambulance
3467.jpg,1,ambulance
3468.jpg,1,ambulance
3469.jpg,1,ambulance
3470.jpg,1,ambulance
3471.jpg,1,ambulance
3472.jpg,1,ambulance
3473.jpg,1,ambulance
3474.jpg,1,ambulance
3475.jpg,1,ambulance
3476.jpg,1,ambulance
3477.jpg,1,ambulance
3478.jpg,1,ambulance
3479.jpg,1,ambulance
3480.jpg,1,ambulance
3481.jpg,1,ambulance
3482.jpg,1,ambulance
3483.jpg,1,ambulance
3484.jpg,1,ambulance
3485.jpg,1,ambulance
3486.jpg,1,ambulance
3487.jpg,1,ambulance
3488.jpg,1,ambulance
3489.jpg,1,ambulance
3490.jpg,1,ambulance
3491.jpg,1,ambulance
3492.jpg,1,ambulance
3493.jpg,1,ambulance
3494.jpg,1,ambulance
3495.jpg,1,ambulance
3496.jpg,1,ambulance
3497.jpg,1,ambulance
3498.jpg,1,ambulance
3499.jpg,1,ambulance
3500.jpg,1,ambulance
3501.jpg,1,ambulance
3502.jpg,1,ambulance
3503.jpg,1,ambulance
3504.jpg,1,ambulance
3505.jpg,1,ambulance
3506.jpg,1,ambulance
3507.jpg,1,ambulance
3508.jpg,1,ambulance
3509.jpg,1,ambulance
3510.jpg,1,ambulance
3511.jpg,1,ambulance
3512.jpg,1,ambulance
3513.jpg,1,ambulance
3514.jpg,1,ambulance
3515.jpg,1,ambulance
3516.jpg,1,ambulance
3517.jpg,1,ambulance
3518.jpg,1,ambulance
3519.jpg,1,ambulance
3520.jpg,1,ambulance
3521.jpg,1,ambulance
3522.jpg,1,ambulance
3523.jpg,1,ambulance
3524.jpg,1,ambulance
3525.jpg,1,ambulance
3526.jpg,1,ambulance
3527.jpg,1,ambulance
3528.jpg,1,ambulance
3529.jpg,1,ambulance
3530.jpg,1,ambulance
3531.jpg,1,ambulance
3532.jpg,1,ambulance
3533.jpg,1,ambulance
3534.jpg,1,ambulance
3535.jpg,1,ambulance
3536.jpg,1,ambulance
3537.jpg,1,ambulance
3538.jpg,1,ambulance
3539.jpg,1,ambulance
3540.jpg,1,ambulance
3541.jpg,1,ambulance
3542.jpg,1,ambulance
3543.jpg,1,ambulance
3544.jpg,1,ambulance
3545.jpg,1,ambulance
3546.jpg,1,ambulance
3547.jpg,1,ambulance
3548.jpg,1,ambulance
3549.jpg,1,ambulance
3550.jpg,1,ambulance
3551.jpg,1,ambulance
3552.jpg,1,ambulance
3553.jpg,1,ambulance
3554.jpg,1,ambulance
3555.jpg,1,ambulance
3556.jpg,1,ambulance
3557.jpg,1,ambulance
3558.jpg,1,ambulance
3559.jpg,1,ambulance
3560.jpg,1,ambulance
3561.jpg,1,ambulance
3562.jpg,1,ambulance
3563.jpg,1,ambulance
3564.jpg,1,ambulance
3565.jpg,1,ambulance
3566.jpg,1,ambulance
3567.jpg,1,ambulance
3568.jpg,1,ambulance
3569.jpg,1,ambulance
3570.jpg,1,ambulance
3571.jpg,1,ambulance
3572.jpg,1,ambulance
3573.jpg,1,ambulance
3574.jpg,1,ambulance
3575.jpg,1,ambulance
3576.jpg,1,ambulance
3577.jpg,1,ambulance
3578.jpg,1,ambulance
3579.jpg,1,ambulance
3580.jpg,1,ambulance
3581.jpg,1,ambulance
3582.jpg,1,ambulance
3583.jpg,1,ambulance
3584.jpg,1,ambulance
3585.jpg,1,ambulance
3586.jpg,1,ambulance
3587.jpg,1,ambulance
3588.jpg,1,ambulance
3589.jpg,1,ambulance
3590.jpg,1,ambulance
3591.jpg,1,ambulance
3592.jpg,1,ambulance
3593.jpg,1,ambulance
3594.jpg,1,ambulance
3595.jpg,1,ambulance
3596.jpg,1,ambulance
3597.jpg,1,ambulance
3598.jpg,1,ambulance
3599.jpg,1,ambulance
3600.jpg,1,ambulance
3601.jpg,1,ambulance
3602.jpg,1,ambulance
3603.jpg,1,ambulance
3604.jpg,1,ambulance
3605.jpg,1,ambulance
3606.jpg,1,ambulance
3607.jpg,1,ambulance
3608.jpg,1,ambulance
3609.jpg,1,ambulance
3610.jpg,1,ambulance
3611.jpg,1,ambulance
3612.jpg,1,ambulance
3613.jpg,1,ambulance
3614.jpg,1,ambulance
3615.jpg,1,ambulance
3616.jpg,1,ambulance
3617.jpg,1,ambulance
3618.jpg,1,ambulance
3619.jpg,1,ambulance
3620.jpg,1,ambulance
3621.jpg,1,ambulance
3622.jpg,1,ambulance
3623.jpg,1,ambulance
3624.jpg,1,ambulance
3625.jpg,1,ambulance
3626.jpg,1,ambulance
3627.jpg,1,ambulance
3628.jpg,1,ambulance
3629.jpg,1,ambulance
3630.jpg,1,ambulance
3631.jpg,1,ambulance
3632.jpg,1,ambulance
3633.jpg,1,ambulance
3634.jpg,1,ambulance
3635.jpg,1,ambulance
3636.jpg,1,ambulance
3637.jpg,1,ambulance
3638.jpg,1,ambulance
3639.jpg,1,ambulance
3640.jpg,1,ambulance
3641.jpg,1,ambulance
3642.jpg,1,ambulance
3643.jpg,1,ambulance
3644.jpg,1,ambulance
3645.jpg,1,ambulance
3646.jpg,1,ambulance
3647.jpg,1,ambulance
3648.jpg,1,ambulance
3649.jpg,1,ambulance
3650.jpg,1,ambulance
3651.jpg,1,ambulance
3652.jpg,1,ambulance
3653.jpg,1,ambulance
3654.jpg,1,ambulance
3655.jpg,1,ambulance
3656.jpg,1,ambulance
3657.jpg,1,ambulance
3658.jpg,1,ambulance
3659.jpg,1,ambulance
3660.jpg,1,ambulance
3661.jpg,1,ambulance
3662.jpg,1,ambulance
3663.jpg,1,ambulance
3664.jpg,1,ambulance
3665.jpg,1,ambulance
3666.jpg,1,ambulance
3667.jpg,1,ambulance
3668.jpg,1,ambulance
3669.jpg,1,ambulance
3670.jpg,1,ambulance
3671.jpg,1,ambulance
3672.jpg,1,ambulance
3673.jpg,1,ambulance
3674.jpg,1,ambulance
3675.jpg,1,ambulance
3676.jpg,1,ambulance
3677.jpg,1,ambulance
3678.jpg,1,ambulance
3679.jpg,1,ambulance
3680.jpg,1,ambulance
3681.jpg,1,ambulance
3682.jpg,1,ambulance
3683.jpg,1,ambulance
3684.jpg,1,ambulance
3685.jpg,1,ambulance
3686.jpg,1,ambulance
3687.jpg,1,ambulance
3688.jpg,1,ambulance
3689.jpg,1,ambulance
3690.jpg,1,ambulance
3691.jpg,1,ambulance
3692.jpg,1,ambulance
3693.jpg,1,ambulance
3694.jpg,1,ambulance
3695.jpg,1,ambulance
3696.jpg,1,ambulance
3697.jpg,1,ambulance
3698.jpg,1,ambulance
3699.jpg,1,ambulance
3700.jpg,1,ambulance
3701.jpg,1,ambulance
3702.jpg,1,ambulance
3703.jpg,1,ambulance
3704.jpg,1,ambulance
3705.jpg,1,ambulance
3706.jpg,1,ambulance
3707.jpg,1,ambulance
3708.jpg,1,ambulance
3709.jpg,1,ambulance
3710.jpg,1,ambulance
3711.jpg,1,ambulance
3712.jpg,1,ambulance
3713.jpg,1,ambulance
3714.jpg,1,ambulance
3715.jpg,1,ambulance
3716.jpg,1,ambulance
3717.jpg,1,ambulance
3718.jpg,1,ambulance
3719.jpg,1,ambulance
3720.jpg,1,ambulance
3721.jpg,1,ambulance
3722.jpg,1,ambulance
3723.jpg,1,ambulance
3724.jpg,1,ambulance
3725.jpg,1,ambulance
3726.jpg,1,ambulance
3727.jpg,1,ambulance
3728.jpg,1,ambulance
3729.jpg,1,ambulance
3730.jpg,1,ambulance
3731.jpg,1,ambulance
3732.jpg,1,ambulance
3733.jpg,1,ambulance
3734.jpg,1,ambulance
3735.jpg,1,ambulance
3736.jpg,1,ambulance
3737.jpg,1,ambulance
3738.jpg,1,ambulance
3739.jpg,1,ambulance
3740.jpg,1,ambulance
3741.jpg,1,ambulance
3742.jpg,1,ambulance
3743.jpg,1,ambulance
3744.jpg,1,ambulance
3745.jpg,1,ambulance
3746.jpg,1,ambulance
3747.jpg,1,ambulance
3748.jpg,1,ambulance
3749.jpg,1,ambulance
3750.jpg,1,ambulance
3751.jpg,1,ambulance
3752.jpg,1,ambulance
3753.jpg,1,ambulance
3754.jpg,1,ambulance
3755.jpg,1,ambulance
3756.jpg,1,ambulance
3757.jpg,1,ambulance
3758.jpg,1,ambulance
3759.jpg,1,ambulance
3760.jpg,1,ambulance
3761.jpg,1,ambulance
3762.jpg,1,ambulance
3763.jpg,1,ambulance
3764.jpg,1,ambulance
3765.jpg,1,ambulance
3766.jpg,1,ambulance
3767.jpg,1,ambulance
3768.jpg,1,ambulance
3769.jpg,1,ambulance
3770.jpg,1,ambulance
3771.jpg,1,ambulance
3772.jpg,1,ambulance
3773.jpg,1,ambulance
3774.jpg,1,ambulance
3775.jpg,1,ambulance
3776.jpg,1,ambulance
3777.jpg,1,ambulance
3778.jpg,1,ambulance
3779.jpg,1,ambulance
3780.jpg,1,ambulance
3781.jpg,1,ambulance
3782.jpg,1,ambulance
3783.jpg,1,ambulance
3784.jpg,1,ambulance
3785.jpg,1,ambulance
3786.jpg,1,ambulance
3787.jpg,1,ambulance
3788.jpg,1,ambulance
3789.jpg,1,ambulance
3790.jpg,1,ambulance
3791.jpg,1,ambulance
3792.jpg,1,ambulance
3793.jpg,1,ambulance
3794.jpg,1,ambulance
3795.jpg,1,ambulance
3796.jpg,1,ambulance
3797.jpg,1,ambulance
3798.jpg,1,ambulance
3799.jpg,1,ambulance
3800.jpg,1,ambulance
3801.jpg,1,ambulance
3802.jpg,1,ambulance
3803.jpg,1,ambulance
3804.jpg,1,ambulance
3805.jpg,1,ambulance
3806.jpg,1,ambulance
3807.jpg,1,ambulance
3808.jpg,1,ambulance
3809.jpg,1,ambulance
3810.jpg,1,ambulance
3811.jpg,1,ambulance
3812.jpg,1,ambulance
3813.jpg,1,ambulance
3814.jpg,1,ambulance
3815.jpg,1,ambulance
3816.jpg,1,ambulance
3817.jpg,1,ambulance
3818.jpg,1,ambulance
3819.jpg,1,ambulance
3820.jpg,1,ambulance
3821.jpg,1,ambulance
3822.jpg,1,ambulance
3823.jpg,1,ambulance
3824.jpg,1,ambulance
3825.jpg,1,ambulance
3826.jpg,1,ambulance
3827.jpg,1,ambulance
3828.jpg,1,ambulance
3829.jpg,1,ambulance
3830.jpg,1,ambulance
3831.jpg,1,ambulance
3832.jpg,1,ambulance
3833.jpg,1,ambulance
3834.jpg,1,ambulance
3835.jpg,1,ambulance
3836.jpg,1,ambulance
3837.jpg,1,ambulance
3838.jpg,1,ambulance
3839.jpg,1,ambulance
3840.jpg,1,ambulance
3841.jpg,1,ambulance
3842.jpg,1,ambulance
3843.jpg,1,ambulance
3844.jpg,1,ambulance
3845.jpg,1,ambulance
3846.jpg,1,ambulance
3847.jpg,1,ambulance
3848.jpg,1,ambulance
3849.jpg,1,ambulance
3850.jpg,1,ambulance
3851.jpg,1,ambulance
3852.jpg,1,ambulance
3853.jpg,1,ambulance
3854.jpg,1,ambulance
3855.jpg,1,ambulance
3856.jpg,1,ambulance
3857.jpg,1,ambulance
3858.jpg,1,ambulance
3859.jpg,1,ambulance
3860.jpg,1,ambulance
3861.jpg,1,ambulance
3862.jpg,1,ambulance
3863.jpg,1,ambulance
3864.jpg,1,ambulance
3865.jpg,1,ambulance
3866.jpg,1,ambulance
3867.jpg,1,ambulance
3868.jpg,1,ambulance
3869.jpg,1,ambulance
3870.jpg,1,ambulance
3871.jpg,1,ambulance
3872.jpg,1,ambulance
3873.jpg,1,ambulance
3874.jpg,1,ambulance
3875.jpg,1,ambulance
3876.jpg,1,ambulance
3877.jpg,1,ambulance
3878.jpg,1,ambulance
3879.jpg,1,ambulance
3880.jpg,1,ambulance
3881.jpg,1,ambulance
3882.jpg,1,ambulance
3883.jpg,1,ambulance
3884.jpg,1,ambulance
3885.jpg,1,ambulance
3886.jpg,1,ambulance
3887.jpg,1,ambulance
3888.jpg,1,ambulance
3889.jpg,1,ambulance
3890.jpg,1,ambulance
3891.jpg,1,ambulance
3892.jpg,1,ambulance
3893.jpg,1,ambulance
3894.jpg,1,ambulance
3895.jpg,1,ambulance
3896.jpg,1,ambulance
3897.jpg,1,ambulance
3898.jpg,1,ambulance
3899.jpg,1,ambulance
3900.jpg,1,ambulance
3901.jpg,1,ambulance
3902.jpg,1,ambulance
3903.jpg,1,ambulance
3904.jpg,1,ambulance
3905.jpg,1,ambulance
3906.jpg,1,ambulance
3907.jpg,1,ambulance
3908.jpg,1,ambulance
3909.jpg,1,ambulance
3910.jpg,1,ambulance
3911.jpg,1,ambulance
3912.jpg,1,ambulance
3913.jpg,1,ambulance
3914.jpg,1,ambulance
3915.jpg,1,ambulance
3916.jpg,1,ambulance
3917.jpg,1,ambulance
3918.jpg,1,ambulance
3919.jpg,1,ambulance
3920.jpg,1,ambulance
3921.jpg,1,ambulance
3922.jpg,1,ambulance
3923.jpg,1,ambulance
3924.jpg,1,ambulance
3925.jpg,1,ambulance
3926.jpg,1,ambulance
3927.jpg,1,ambulance
3928.jpg,1,ambulance
3929.jpg,1,ambulance
3930.jpg,1,ambulance
3931.jpg,1,ambulance
3932.jpg,1,ambulance
3933.jpg,1,ambulance
3934.jpg,1,ambulance
3935.jpg,1,ambulance
3936.jpg,1,ambulance
3937.jpg,1,ambulance
3938.jpg,1,ambulance
3939.jpg,1,ambulance
3940.jpg,1,ambulance
3941.jpg,1,ambulance
3942.jpg,1,ambulance
3943.jpg,1,ambulance
3944.jpg,1,ambulance
3945.jpg,1,ambulance
3946.jpg,1,ambulance
3947.jpg,1,ambulance
3948.jpg,1,ambulance
3949.jpg,1,ambulance
3950.jpg,1,ambulance
3951.jpg,1,ambulance
3952.jpg,1,ambulance
3953.jpg,1,ambulance
3954.jpg,1,ambulance
3955.jpg,1,ambulance
3956.jpg,1,ambulance
3957.jpg,1,ambulance
3958.jpg,1,ambulance
3959.jpg,1,ambulance
3960.jpg,1,ambulance
3961.jpg,1,ambulance
3962.jpg,1,ambulance
3963.jpg,1,ambulance
3964.jpg,1,ambulance
3965.jpg,1,ambulance
3966.jpg,1,ambulance
3967.jpg,1,ambulance
3968.jpg,1,ambulance
3969.jpg,1,ambulance
3970.jpg,1,ambulance
3971.jpg,1,ambulance
3972.jpg,1,ambulance
3973.jpg,1,ambulance
3974.jpg,1,ambulance
3975.jpg,1,ambulance
3976.jpg,1,ambulance
3977.jpg,1,ambulance
3978.jpg,1,ambulance
3979.jpg,1,ambulance
3980.jpg,1,ambulance
3981.jpg,1,ambulance
3982.jpg,1,ambulance
3983.jpg,1,ambulance
3984.jpg,1,ambulance
3985.jpg,1,ambulance
3986.jpg,1,ambulance
3987.jpg,1,ambulance
3988.jpg,1,ambulance
3989.jpg,1,ambulance
3990.jpg,1,ambulance
3991.jpg,1,ambulance
3992.jpg,1,ambulance
3993.jpg,1,ambulance
3994.jpg,1,ambulance
3995.jpg,1,ambulance
3996.jpg,1,ambulance
3997.jpg,1,ambulance
3998.jpg,1,ambulance
3999.jpg,1,ambulance
4000.jpg,1,ambulance
4001.jpg,1,ambulance
4002.jpg,1,ambulance
 5286.jpg,1,ambulance
 5292.jpg,1,ambulance
 5523.jpg,1,ambulance
 5245.jpg,1,ambulance
 5251.jpg,1,ambulance
 5537.jpg,1,ambulance
 5279.jpg,1,ambulance
 5084.jpg,1,ambulance
 5090.jpg,1,ambulance
 5047.jpg,1,ambulance
 5053.jpg,1,ambulance
 5133.jpg,1,ambulance
 5127.jpg,1,ambulance
 5494.jpg,1,ambulance
 5480.jpg,1,ambulance
 5457.jpg,1,ambulance
 5331.jpg,1,ambulance
 5325.jpg,1,ambulance
 5443.jpg,1,ambulance
 5319.jpg,1,ambulance
 5318.jpg,1,ambulance
 5324.jpg,1,ambulance
 5442.jpg,1,ambulance
 5456.jpg,1,ambulance
 5330.jpg,1,ambulance
 5481.jpg,1,ambulance
 5495.jpg,1,ambulance
 5126.jpg,1,ambulance
 5132.jpg,1,ambulance
 5052.jpg,1,ambulance
 5046.jpg,1,ambulance
 5091.jpg,1,ambulance
 5085.jpg,1,ambulance
 5278.jpg,1,ambulance
 5250.jpg,1,ambulance
 5536.jpg,1,ambulance
 5522.jpg,1,ambulance
 5244.jpg,1,ambulance
 5293.jpg,1,ambulance
 5287.jpg,1,ambulance
 5291.jpg,1,ambulance
 5285.jpg,1,ambulance
 5534.jpg,1,ambulance
 5252.jpg,1,ambulance
 5246.jpg,1,ambulance
 5520.jpg,1,ambulance
 5508.jpg,1,ambulance
 5093.jpg,1,ambulance
 5087.jpg,1,ambulance
 5050.jpg,1,ambulance
 5044.jpg,1,ambulance
 5078.jpg,1,ambulance
 5124.jpg,1,ambulance
 5130.jpg,1,ambulance
 5118.jpg,1,ambulance
 5483.jpg,1,ambulance
 5497.jpg,1,ambulance
 5440.jpg,1,ambulance
 5326.jpg,1,ambulance
 5332.jpg,1,ambulance
 5454.jpg,1,ambulance
 5468.jpg,1,ambulance
 5469.jpg,1,ambulance
 5333.jpg,1,ambulance
 5455.jpg,1,ambulance
 5441.jpg,1,ambulance
 5327.jpg,1,ambulance
 5496.jpg,1,ambulance
 5482.jpg,1,ambulance
 5119.jpg,1,ambulance
 5131.jpg,1,ambulance
 5125.jpg,1,ambulance
 5079.jpg,1,ambulance
 5045.jpg,1,ambulance
 5051.jpg,1,ambulance
 5086.jpg,1,ambulance
 5092.jpg,1,ambulance
 5509.jpg,1,ambulance
 5247.jpg,1,ambulance
 5521.jpg,1,ambulance
 5535.jpg,1,ambulance
 5253.jpg,1,ambulance
 5284.jpg,1,ambulance
 5290.jpg,1,ambulance
 5294.jpg,1,ambulance
 5280.jpg,1,ambulance
 5519.jpg,1,ambulance
 5257.jpg,1,ambulance
 5531.jpg,1,ambulance
 5525.jpg,1,ambulance
 5243.jpg,1,ambulance
 5096.jpg,1,ambulance
 5082.jpg,1,ambulance
 5069.jpg,1,ambulance
 5055.jpg,1,ambulance
 5041.jpg,1,ambulance
 5109.jpg,1,ambulance
 5121.jpg,1,ambulance
 5135.jpg,1,ambulance
 5486.jpg,1,ambulance
 5492.jpg,1,ambulance
 5479.jpg,1,ambulance
 5323.jpg,1,ambulance
 5445.jpg,1,ambulance
 5451.jpg,1,ambulance
 5337.jpg,1,ambulance
 5450.jpg,1,ambulance
 5336.jpg,1,ambulance
 5322.jpg,1,ambulance
 5444.jpg,1,ambulance
 5478.jpg,1,ambulance
 5493.jpg,1,ambulance
 5487.jpg,1,ambulance
 5134.jpg,1,ambulance
 5120.jpg,1,ambulance
 5108.jpg,1,ambulance
 5040.jpg,1,ambulance
 5054.jpg,1,ambulance
 5068.jpg,1,ambulance
 5083.jpg,1,ambulance
 5097.jpg,1,ambulance
 5524.jpg,1,ambulance
 5242.jpg,1,ambulance
 5256.jpg,1,ambulance
 5530.jpg,1,ambulance
 5518.jpg,1,ambulance
 5281.jpg,1,ambulance
 5295.jpg,1,ambulance
 5283.jpg,1,ambulance
 5297.jpg,1,ambulance
 5268.jpg,1,ambulance
 5240.jpg,1,ambulance
 5526.jpg,1,ambulance
 5532.jpg,1,ambulance
 5254.jpg,1,ambulance
 5081.jpg,1,ambulance
 5095.jpg,1,ambulance
 5042.jpg,1,ambulance
 5056.jpg,1,ambulance
 5136.jpg,1,ambulance
 5122.jpg,1,ambulance
 5491.jpg,1,ambulance
 5485.jpg,1,ambulance
 5308.jpg,1,ambulance
 5334.jpg,1,ambulance
 5452.jpg,1,ambulance
 5446.jpg,1,ambulance
 5320.jpg,1,ambulance
 5447.jpg,1,ambulance
 5321.jpg,1,ambulance
 5335.jpg,1,ambulance
 5453.jpg,1,ambulance
 5309.jpg,1,ambulance
 5484.jpg,1,ambulance
 5490.jpg,1,ambulance
 5123.jpg,1,ambulance
 5137.jpg,1,ambulance
 5057.jpg,1,ambulance
 5043.jpg,1,ambulance
 5094.jpg,1,ambulance
 5080.jpg,1,ambulance
 5533.jpg,1,ambulance
 5255.jpg,1,ambulance
 5241.jpg,1,ambulance
 5527.jpg,1,ambulance
 5269.jpg,1,ambulance
 5296.jpg,1,ambulance
 5282.jpg,1,ambulance
 5226.jpg,1,ambulance
 5540.jpg,1,ambulance
 5554.jpg,1,ambulance
 5232.jpg,1,ambulance
 5568.jpg,1,ambulance
 5024.jpg,1,ambulance
 5030.jpg,1,ambulance
 5018.jpg,1,ambulance
 5193.jpg,1,ambulance
 5187.jpg,1,ambulance
 5150.jpg,1,ambulance
 5144.jpg,1,ambulance
 5178.jpg,1,ambulance
 5391.jpg,1,ambulance
 5385.jpg,1,ambulance
 5352.jpg,1,ambulance
 5434.jpg,1,ambulance
 5420.jpg,1,ambulance
 5346.jpg,1,ambulance
 5408.jpg,1,ambulance
 5409.jpg,1,ambulance
 5421.jpg,1,ambulance
 5347.jpg,1,ambulance
 5353.jpg,1,ambulance
 5435.jpg,1,ambulance
 5384.jpg,1,ambulance
 5390.jpg,1,ambulance
 5179.jpg,1,ambulance
 5145.jpg,1,ambulance
 5151.jpg,1,ambulance
 5186.jpg,1,ambulance
 5192.jpg,1,ambulance
 5019.jpg,1,ambulance
 5031.jpg,1,ambulance
 5025.jpg,1,ambulance
 5569.jpg,1,ambulance
 5555.jpg,1,ambulance
 5233.jpg,1,ambulance
 5227.jpg,1,ambulance
 5541.jpg,1,ambulance
 5231.jpg,1,ambulance
 5557.jpg,1,ambulance
 5543.jpg,1,ambulance
 5225.jpg,1,ambulance
 5219.jpg,1,ambulance
 5033.jpg,1,ambulance
 5027.jpg,1,ambulance
 5184.jpg,1,ambulance
 5190.jpg,1,ambulance
 5147.jpg,1,ambulance
 5153.jpg,1,ambulance
 5386.jpg,1,ambulance
 5392.jpg,1,ambulance
 5345.jpg,1,ambulance
 5423.jpg,1,ambulance
 5437.jpg,1,ambulance
 5351.jpg,1,ambulance
 5379.jpg,1,ambulance
 5378.jpg,1,ambulance
 5436.jpg,1,ambulance
 5350.jpg,1,ambulance
 5344.jpg,1,ambulance
 5422.jpg,1,ambulance
 5393.jpg,1,ambulance
 5387.jpg,1,ambulance
 5152.jpg,1,ambulance
 5146.jpg,1,ambulance
 5191.jpg,1,ambulance
 5185.jpg,1,ambulance
 5026.jpg,1,ambulance
 5032.jpg,1,ambulance
 5218.jpg,1,ambulance
 5542.jpg,1,ambulance
 5224.jpg,1,ambulance
 5230.jpg,1,ambulance
 5556.jpg,1,ambulance
 5208.jpg,1,ambulance
 5552.jpg,1,ambulance
 5234.jpg,1,ambulance
 5220.jpg,1,ambulance
 5546.jpg,1,ambulance
 5036.jpg,1,ambulance
 5022.jpg,1,ambulance
 5181.jpg,1,ambulance
 5195.jpg,1,ambulance
 5142.jpg,1,ambulance
 5156.jpg,1,ambulance
 5383.jpg,1,ambulance
 5397.jpg,1,ambulance
 5368.jpg,1,ambulance
 5426.jpg,1,ambulance
 5340.jpg,1,ambulance
 5354.jpg,1,ambulance
 5432.jpg,1,ambulance
 5355.jpg,1,ambulance
 5433.jpg,1,ambulance
 5427.jpg,1,ambulance
 5341.jpg,1,ambulance
 5369.jpg,1,ambulance
 5396.jpg,1,ambulance
 5382.jpg,1,ambulance
 5157.jpg,1,ambulance
 5143.jpg,1,ambulance
 5194.jpg,1,ambulance
 5180.jpg,1,ambulance
 5023.jpg,1,ambulance
 5037.jpg,1,ambulance
 5221.jpg,1,ambulance
 5547.jpg,1,ambulance
 5553.jpg,1,ambulance
 5235.jpg,1,ambulance
 5209.jpg,1,ambulance
 5579.jpg,1,ambulance
 5545.jpg,1,ambulance
 5223.jpg,1,ambulance
 5237.jpg,1,ambulance
 5551.jpg,1,ambulance
 5009.jpg,1,ambulance
 5021.jpg,1,ambulance
 5035.jpg,1,ambulance
 5196.jpg,1,ambulance
 5182.jpg,1,ambulance
 5169.jpg,1,ambulance
 5155.jpg,1,ambulance
 5141.jpg,1,ambulance
 5394.jpg,1,ambulance
 5380.jpg,1,ambulance
 5419.jpg,1,ambulance
 5431.jpg,1,ambulance
 5357.jpg,1,ambulance
 5343.jpg,1,ambulance
 5425.jpg,1,ambulance
 5342.jpg,1,ambulance
 5424.jpg,1,ambulance
 5430.jpg,1,ambulance
 5356.jpg,1,ambulance
 5418.jpg,1,ambulance
 5381.jpg,1,ambulance
 5395.jpg,1,ambulance
 5140.jpg,1,ambulance
 5154.jpg,1,ambulance
 5168.jpg,1,ambulance
 5183.jpg,1,ambulance
 5197.jpg,1,ambulance
 5034.jpg,1,ambulance
 5020.jpg,1,ambulance
 5008.jpg,1,ambulance
 5236.jpg,1,ambulance
 5550.jpg,1,ambulance
 5544.jpg,1,ambulance
 5222.jpg,1,ambulance
 5578.jpg,1,ambulance
 5207.jpg,1,ambulance
 5561.jpg,1,ambulance
 5575.jpg,1,ambulance
 5213.jpg,1,ambulance
 5549.jpg,1,ambulance
 5005.jpg,1,ambulance
 5011.jpg,1,ambulance
 5039.jpg,1,ambulance
 5171.jpg,1,ambulance
 5165.jpg,1,ambulance
 5159.jpg,1,ambulance
 5398.jpg,1,ambulance
 5373.jpg,1,ambulance
 5415.jpg,1,ambulance
 5401.jpg,1,ambulance
 5367.jpg,1,ambulance
 5429.jpg,1,ambulance
 5428.jpg,1,ambulance
 5400.jpg,1,ambulance
 5366.jpg,1,ambulance
 5372.jpg,1,ambulance
 5414.jpg,1,ambulance
 5399.jpg,1,ambulance
 5158.jpg,1,ambulance
 5164.jpg,1,ambulance
 5170.jpg,1,ambulance
 5038.jpg,1,ambulance
 5010.jpg,1,ambulance
 5004.jpg,1,ambulance
 5548.jpg,1,ambulance
 5574.jpg,1,ambulance
 5212.jpg,1,ambulance
 5206.jpg,1,ambulance
 5560.jpg,1,ambulance
 5210.jpg,1,ambulance
 5576.jpg,1,ambulance
 5562.jpg,1,ambulance
 5204.jpg,1,ambulance
 5238.jpg,1,ambulance
 5012.jpg,1,ambulance
 5006.jpg,1,ambulance
 5199.jpg,1,ambulance
 5166.jpg,1,ambulance
 5172.jpg,1,ambulance
 5364.jpg,1,ambulance
 5402.jpg,1,ambulance
 5416.jpg,1,ambulance
 5370.jpg,1,ambulance
 5358.jpg,1,ambulance
 5359.jpg,1,ambulance
 5417.jpg,1,ambulance
 5371.jpg,1,ambulance
 5365.jpg,1,ambulance
 5403.jpg,1,ambulance
 5173.jpg,1,ambulance
 5167.jpg,1,ambulance
 5198.jpg,1,ambulance
 5007.jpg,1,ambulance
 5013.jpg,1,ambulance
 5239.jpg,1,ambulance
 5563.jpg,1,ambulance
 5205.jpg,1,ambulance
 5211.jpg,1,ambulance
 5577.jpg,1,ambulance
 5229.jpg,1,ambulance
 5573.jpg,1,ambulance
 5215.jpg,1,ambulance
 5201.jpg,1,ambulance
 5567.jpg,1,ambulance
 5017.jpg,1,ambulance
 5003.jpg,1,ambulance
 5188.jpg,1,ambulance
 5163.jpg,1,ambulance
 5177.jpg,1,ambulance
 5349.jpg,1,ambulance
 5407.jpg,1,ambulance
 5361.jpg,1,ambulance
 5375.jpg,1,ambulance
 5413.jpg,1,ambulance
 5374.jpg,1,ambulance
 5412.jpg,1,ambulance
 5406.jpg,1,ambulance
 5360.jpg,1,ambulance
 5348.jpg,1,ambulance
 5176.jpg,1,ambulance
 5162.jpg,1,ambulance
 5189.jpg,1,ambulance
 5002.jpg,1,ambulance
 5016.jpg,1,ambulance
 5200.jpg,1,ambulance
 5566.jpg,1,ambulance
 5572.jpg,1,ambulance
 5214.jpg,1,ambulance
 5228.jpg,1,ambulance
 5558.jpg,1,ambulance
 5564.jpg,1,ambulance
 5202.jpg,1,ambulance
 5216.jpg,1,ambulance
 5570.jpg,1,ambulance
 5028.jpg,1,ambulance
 5000.jpg,1,ambulance
 5014.jpg,1,ambulance
 5148.jpg,1,ambulance
 5174.jpg,1,ambulance
 5160.jpg,1,ambulance
 5389.jpg,1,ambulance
 5438.jpg,1,ambulance
 5410.jpg,1,ambulance
 5376.jpg,1,ambulance
 5362.jpg,1,ambulance
 5404.jpg,1,ambulance
 5363.jpg,1,ambulance
 5405.jpg,1,ambulance
 5411.jpg,1,ambulance
 5377.jpg,1,ambulance
 5439.jpg,1,ambulance
 5388.jpg,1,ambulance
 5161.jpg,1,ambulance
 5175.jpg,1,ambulance
 5149.jpg,1,ambulance
 5015.jpg,1,ambulance
 5001.jpg,1,ambulance
 5029.jpg,1,ambulance
 5217.jpg,1,ambulance
 5571.jpg,1,ambulance
 5565.jpg,1,ambulance
 5203.jpg,1,ambulance
 5559.jpg,1,ambulance
 5502.jpg,1,ambulance
 5264.jpg,1,ambulance
 5270.jpg,1,ambulance
 5516.jpg,1,ambulance
 5258.jpg,1,ambulance
 5099.jpg,1,ambulance
 5066.jpg,1,ambulance
 5072.jpg,1,ambulance
 5112.jpg,1,ambulance
 5106.jpg,1,ambulance
 5489.jpg,1,ambulance
 5476.jpg,1,ambulance
 5310.jpg,1,ambulance
 5304.jpg,1,ambulance
 5462.jpg,1,ambulance
 5338.jpg,1,ambulance
 5339.jpg,1,ambulance
 5305.jpg,1,ambulance
 5463.jpg,1,ambulance
 5477.jpg,1,ambulance
 5311.jpg,1,ambulance
 5488.jpg,1,ambulance
 5107.jpg,1,ambulance
 5113.jpg,1,ambulance
 5073.jpg,1,ambulance
 5067.jpg,1,ambulance
 5098.jpg,1,ambulance
 5259.jpg,1,ambulance
 5271.jpg,1,ambulance
 5517.jpg,1,ambulance
 5503.jpg,1,ambulance
 5265.jpg,1,ambulance
 5298.jpg,1,ambulance
 5515.jpg,1,ambulance
 5273.jpg,1,ambulance
 5267.jpg,1,ambulance
 5501.jpg,1,ambulance
 5529.jpg,1,ambulance
 5071.jpg,1,ambulance
 5065.jpg,1,ambulance
 5059.jpg,1,ambulance
 5105.jpg,1,ambulance
 5111.jpg,1,ambulance
 5139.jpg,1,ambulance
 5461.jpg,1,ambulance
 5307.jpg,1,ambulance
 5313.jpg,1,ambulance
 5475.jpg,1,ambulance
 5449.jpg,1,ambulance
 5448.jpg,1,ambulance
 5312.jpg,1,ambulance
 5474.jpg,1,ambulance
 5460.jpg,1,ambulance
 5306.jpg,1,ambulance
 5138.jpg,1,ambulance
 5110.jpg,1,ambulance
 5104.jpg,1,ambulance
 5058.jpg,1,ambulance
 5064.jpg,1,ambulance
 5070.jpg,1,ambulance
 5528.jpg,1,ambulance
 5266.jpg,1,ambulance
 5500.jpg,1,ambulance
 5514.jpg,1,ambulance
 5272.jpg,1,ambulance
 5299.jpg,1,ambulance
 5289.jpg,1,ambulance
 5538.jpg,1,ambulance
 5276.jpg,1,ambulance
 5510.jpg,1,ambulance
 5504.jpg,1,ambulance
 5262.jpg,1,ambulance
 5048.jpg,1,ambulance
 5074.jpg,1,ambulance
 5060.jpg,1,ambulance
 5128.jpg,1,ambulance
 5100.jpg,1,ambulance
 5114.jpg,1,ambulance
 5458.jpg,1,ambulance
 5302.jpg,1,ambulance
 5464.jpg,1,ambulance
 5470.jpg,1,ambulance
 5316.jpg,1,ambulance
 5471.jpg,1,ambulance
 5317.jpg,1,ambulance
 5303.jpg,1,ambulance
 5465.jpg,1,ambulance
 5459.jpg,1,ambulance
 5115.jpg,1,ambulance
 5101.jpg,1,ambulance
 5129.jpg,1,ambulance
 5061.jpg,1,ambulance
 5075.jpg,1,ambulance
 5049.jpg,1,ambulance
 5505.jpg,1,ambulance
 5263.jpg,1,ambulance
 5277.jpg,1,ambulance
 5511.jpg,1,ambulance
 5539.jpg,1,ambulance
 5288.jpg,1,ambulance
 5249.jpg,1,ambulance
 5261.jpg,1,ambulance
 5507.jpg,1,ambulance
 5513.jpg,1,ambulance
 5275.jpg,1,ambulance
 5088.jpg,1,ambulance
 5063.jpg,1,ambulance
 5077.jpg,1,ambulance
 5117.jpg,1,ambulance
 5103.jpg,1,ambulance
 5498.jpg,1,ambulance
 5329.jpg,1,ambulance
 5315.jpg,1,ambulance
 5473.jpg,1,ambulance
 5467.jpg,1,ambulance
 5301.jpg,1,ambulance
 5466.jpg,1,ambulance
 5300.jpg,1,ambulance
 5314.jpg,1,ambulance
 5472.jpg,1,ambulance
 5328.jpg,1,ambulance
 5499.jpg,1,ambulance
 5102.jpg,1,ambulance
 5116.jpg,1,ambulance
 5076.jpg,1,ambulance
 5062.jpg,1,ambulance
 5089.jpg,1,ambulance
 5512.jpg,1,ambulance
 5274.jpg,1,ambulance
 5260.jpg,1,ambulance
 5506.jpg,1,ambulance
 5248.jpg,1,ambulance
